Nomor_Pesanan,Status_Pesanan,Pembeli_Premium,Tanggal_Dibuat,Tanggal_Dibayar_Pembeli,Tanggal_Dikirim,Tanggal_Pesanan_Selesai,Kategori,Tipe_Item,Nama_Produk,Nama_Pembeli,Harga_Jual,Jumlah_Pesanan,Total_Pendapatan,Biaya_Penjual,10_Menit_Kirim,Pengiriman_Instan,Durasi_Kirim_Menit,Bulan
OD000000163117448,Pesanan selesai,False,2026-07-19 20:03:55,2026-07-19 20:05:12,2026-07-19 20:43:12,2026-07-21 20:50:36,Build A Zoo,Pets,SLIME ADMIN'S WILD EGG | BUILD A ZOO,dania afrina,6500,7,40040,5460,False,False,38.0,2026-07
OD000000163110526,Pesanan selesai,False,2026-07-19 18:35:54,2026-07-19 18:37:08,2026-07-19 18:50:17,2026-07-19 18:51:23,Build A Zoo,Pets,SLIME ADMIN'S WILD EGG | BUILD A ZOO,azimalmazov2,6500,20,114400,15600,False,False,13.15,2026-07
OD000000163100347,Pesanan selesai,False,2026-07-19 15:55:08,2026-07-19 15:55:25,2026-07-19 16:00:39,2026-07-21 16:10:36,Build A Zoo,Item,MINT JELLY (CHANCE TO GET MUTATION SLIME FOR BIG PET) | BUILD A ZOO,Made Dwijendra,600,10,5280,720,False,False,5.233333333333333,2026-07
OD000000163095273,Pesanan selesai,False,2026-07-19 14:42:33,2026-07-19 14:42:56,2026-07-19 14:56:52,2026-07-19 14:57:28,Build A Zoo,Pets,PET LIMITED!!! - SLIME INFERNOIR ($628.596/s) | BUILD A ZOO,Zaulian,60000,1,52800,7200,False,False,13.933333333333334,2026-07
OD000000163073293,Pesanan selesai,False,2026-07-19 09:49:11,2026-07-19 09:50:57,2026-07-19 10:16:09,2026-07-21 10:20:37,Build A Zoo,Item,GINGERBREAD (FOR UNLOCK UNIQUE BIG PET) | BUILD A ZOO,Made Dwijendra,600,5,2640,360,False,False,25.2,2026-07
OD000000163072243,Pesanan selesai,False,2026-07-19 09:33:49,2026-07-19 09:35:27,2026-07-19 09:37:38,2026-07-21 09:40:33,Build A Zoo,Pets,PET 15M/s (ELITE SLIME CHOMP) | BUILD A ZOO,azimalmazov2,115000,1,101200,13800,False,False,2.183333333333333,2026-07
OD000000163065827,Pesanan selesai,False,2026-07-19 07:38:39,2026-07-19 07:39:23,2026-07-19 07:50:08,2026-07-21 08:10:34,Build A Zoo,Pets,PET EVENT!!! - SLIME GLAZYN ($604.890/s) | BUILD A ZOO,azimalmazov2,105000,1,92400,12600,False,False,10.75,2026-07
OD000000163063432,Pesanan selesai,False,2026-07-19 06:32:03,2026-07-19 06:34:38,2026-07-19 06:44:21,2026-07-21 06:50:34,Build A Zoo,Pets,PET LIMITED!!! - CREAM JUGGLE ($443.962/s) | BUILD A ZOO,azimalmazov2,20000,1,17600,2400,False,False,9.716666666666667,2026-07
OD000000163060485,Pesanan selesai,False,2026-07-19 03:10:32,2026-07-19 03:12:02,2026-07-19 06:44:14,2026-07-21 06:50:34,Build A Zoo,Pets,JURA HRED ($514.816/s) | BUILD A ZOO,azimalmazov2,45000,1,39600,5400,False,False,212.2,2026-07
OD000000163057144,Pesanan selesai,False,2026-07-19 00:31:40,2026-07-19 00:32:15,2026-07-19 07:59:34,2026-07-21 08:10:35,Build A Zoo,Item,ADMIN SPEED HOURGLASS (REDUCE THE INCUBATION TIME BY 60 MINUTES) | BUILD A ZOO,Sam Shears,800,50,35200,4800,False,False,447.31666666666666,2026-07
OD000000163057143,Pesanan selesai,False,2026-07-19 00:31:40,2026-07-19 00:32:15,2026-07-19 07:59:29,2026-07-21 08:10:34,Build A Zoo,Pets,SLIME ADMIN’S OCEAN EGG | BUILD A ZOO,Sam Shears,2000,100,176000,24000,False,False,447.23333333333335,2026-07
OD000000162923882,Pesanan selesai,False,2026-07-17 10:21:20,2026-07-17 10:22:01,2026-07-17 19:13:22,2026-07-19 19:20:33,Build A Zoo,Pets,FLOWER WHALE EGG | BUILD A ZOO,Sam Shears,15000,7,92400,12600,False,False,531.35,2026-07
OD000000162923881,Pesanan selesai,False,2026-07-17 10:21:20,2026-07-17 10:22:01,2026-07-17 19:13:17,2026-07-19 19:20:33,Build A Zoo,Pets,SLIME ADMIN’S OCEAN EGG | BUILD A ZOO,Sam Shears,5000,30,132000,18000,False,False,531.2666666666667,2026-07
OD000000162923880,Pesanan selesai,False,2026-07-17 10:21:20,2026-07-17 10:22:01,2026-07-17 19:13:12,2026-07-19 19:20:34,Build A Zoo,Pets,SLIME ADMIN'S WILD EGG | BUILD A ZOO,Sam Shears,10000,15,132000,18000,False,False,531.1833333333333,2026-07
OD000000162920380,Pesanan selesai,False,2026-07-17 08:09:00,2026-07-17 08:10:13,2026-07-17 14:42:37,2026-07-17 14:46:40,Build A Zoo,Pets,VOLTICE ($36.084/s) - PET SEASON 0.5% | BUILD A ZOO,yacii,10000,1,8800,1200,False,False,392.4,2026-07
OD000000162915832,Pesanan selesai,False,2026-07-17 02:19:36,2026-07-17 02:20:42,2026-07-17 10:02:55,2026-07-17 10:03:29,Build A Zoo,Pets,SLIME ADMIN'S WILD EGG | BUILD A ZOO,Danielle Meloccaro,10000,15,132000,18000,False,False,462.21666666666664,2026-07
OD000000162865549,Pesanan selesai,False,2026-07-16 07:20:11,2026-07-16 07:20:50,2026-07-16 08:40:46,2026-07-18 08:50:30,Build A Zoo,Pets,FLOWER WHALE EGG | BUILD A ZOO,Sam Shears,15000,14,184800,25200,False,False,79.93333333333334,2026-07
OD000000162865548,Pesanan selesai,False,2026-07-16 07:20:11,2026-07-16 07:20:50,2026-07-16 08:40:37,2026-07-18 08:50:31,Build A Zoo,Pets,SLIME ADMIN’S OCEAN EGG | BUILD A ZOO,Sam Shears,5000,28,123200,16800,False,False,79.78333333333333,2026-07
OD000000162865547,Pesanan selesai,False,2026-07-16 07:20:11,2026-07-16 07:20:50,2026-07-16 08:40:30,2026-07-18 08:40:34,Build A Zoo,Item,SLIME SEABORN EGG | BUILD A ZOO,Sam Shears,2000,8,14080,1920,False,False,79.66666666666667,2026-07
OD000000162865526,Pesanan selesai,False,2026-07-16 07:19:09,2026-07-16 07:20:05,2026-07-16 08:40:24,2026-07-18 08:40:34,Build A Zoo,Item,SLIME CUTTLEFISH EGG | BUILD A ZOO,Sam Shears,1000,6,5280,720,False,False,80.31666666666666,2026-07
OD000000162865525,Pesanan selesai,False,2026-07-16 07:19:09,2026-07-16 07:20:05,2026-07-16 08:40:20,2026-07-18 08:40:34,Build A Zoo,Item,ADMIN SPEED HOURGLASS (REDUCE THE INCUBATION TIME BY 60 MINUTES) | BUILD A ZOO,Sam Shears,800,50,35200,4800,False,False,80.25,2026-07
OD000000162865524,Pesanan selesai,False,2026-07-16 07:19:09,2026-07-16 07:20:05,2026-07-16 08:40:15,2026-07-18 08:40:34,Build A Zoo,Pets,SLIME ADMIN'S WILD EGG | BUILD A ZOO,Sam Shears,10000,50,440000,60000,False,False,80.16666666666667,2026-07
OD000000162865523,Pesanan selesai,False,2026-07-16 07:19:09,2026-07-16 07:20:05,2026-07-16 08:40:06,2026-07-18 08:40:34,Build A Zoo,Pets,PET 2M/s (VALENTINES KRYNN) | BUILD A ZOO,Sam Shears,60000,1,52800,7200,False,False,80.01666666666667,2026-07
OD000000162865522,Pesanan selesai,False,2026-07-16 07:19:09,2026-07-16 07:20:05,2026-07-16 08:39:57,2026-07-18 08:40:34,Build A Zoo,Pets,PET LIMITED!!! - SLIME LYSANDER ($652.410/s) | BUILD A ZOO,Sam Shears,70000,1,61600,8400,False,False,79.86666666666666,2026-07
OD000000162865521,Pesanan selesai,False,2026-07-16 07:19:09,2026-07-16 07:20:05,2026-07-16 08:39:23,2026-07-18 08:40:33,Build A Zoo,Pets,PET LIMITED!!! - SLIME TYRANNOSAURUS ($447.444/s) | BUILD A ZOO,Sam Shears,45000,1,39600,5400,False,False,79.3,2026-07
OD000000162864374,Pesanan selesai,False,2026-07-16 06:10:49,2026-07-16 06:11:30,2026-07-16 06:22:23,2026-07-16 06:26:35,Build A Zoo,Pets,SLIME ADMIN'S WILD EGG | BUILD A ZOO,Danielle Meloccaro,10000,28,246400,33600,False,False,10.883333333333333,2026-07
OD000000162848562,Pesanan selesai,False,2026-07-15 20:08:00,2026-07-15 20:09:16,2026-07-15 20:30:18,2026-07-17 20:30:29,Build A Zoo,Pets,SLIME ADMIN'S WILD EGG | BUILD A ZOO,dania afrina,10000,2,17600,2400,False,False,21.033333333333335,2026-07
OD000000162846754,Pesanan selesai,False,2026-07-15 19:43:01,2026-07-15 19:43:33,2026-07-15 20:03:31,2026-07-17 20:10:34,Build A Zoo,Pets,SLIME ADMIN'S WILD EGG | BUILD A ZOO,Vex Vex,10000,3,26400,3600,False,False,19.966666666666665,2026-07
OD000000162838695,Pesanan selesai,False,2026-07-15 17:40:52,2026-07-15 17:41:26,2026-07-15 18:15:43,2026-07-15 18:18:00,Build A Zoo,Item,MACARON JELLY (SLIME SERIES BIG PET) | BUILD A ZOO,archzet 12,800,20,14080,1920,False,False,34.28333333333333,2026-07
OD000000162824023,Pesanan selesai,False,2026-07-15 13:52:46,2026-07-15 13:54:15,2026-07-15 20:09:38,2026-07-16 10:55:06,Build A Zoo,Pets,PET LIMITED!!! - SLIME INFERNOIR ($628.596/s) | BUILD A ZOO,el dax,70000,1,61600,8400,False,False,375.3833333333333,2026-07
OD000000162823636,Pesanan selesai,False,2026-07-15 13:46:52,2026-07-15 13:47:29,2026-07-15 20:49:16,2026-07-17 20:50:34,Build A Zoo,Pets,SLIME SWIM EGG | BUILD A ZOO,Rifkii Ibrahim,3500,2,6160,840,False,False,421.78333333333336,2026-07
OD000000162781628,Pesanan selesai,False,2026-07-14 17:17:20,2026-07-14 17:17:39,2026-07-14 17:28:38,2026-07-14 17:29:05,Build A Zoo,Pets,VOLTICE ($36.084/s) - PET SEASON 0.5% | BUILD A ZOO,archzet 12,10000,1,8800,1200,False,False,10.983333333333333,2026-07
OD000000162781376,Pesanan selesai,True,2026-07-14 17:12:55,2026-07-14 17:13:54,2026-07-14 17:18:19,2026-07-16 17:41:17,Build A Zoo,Item,SLIME PETALWING EGG | BUILD A ZOO,miniltea62055755,1200,10,10560,1440,False,False,4.416666666666667,2026-07
OD000000162770863,Pesanan selesai,False,2026-07-14 14:23:45,2026-07-14 14:26:15,2026-07-15 20:28:03,2026-07-16 10:54:45,Build A Zoo,Pets,PET LIMITED!!! - SLIME SIRIUS ($663.336/s) | BUILD A ZOO,el dax,70000,1,61600,8400,False,False,1801.8,2026-07
OD000000162760168,Pesanan selesai,False,2026-07-14 10:53:23,2026-07-14 10:54:07,2026-07-14 20:20:30,2026-07-16 20:30:31,Build A Zoo,Pets,SLIME ADMIN’S OCEAN EGG | BUILD A ZOO,Annisa Al aiman,5000,1,4400,600,False,False,566.3833333333333,2026-07
OD000000162744176,Dana dikembalikan,False,2026-07-13 22:19:24,2026-07-13 22:20:56,,,Build A Zoo,Pets,VALENTINES SWIM EGG | BUILD A ZOO,al fattah,3500,4,12320,1680,False,False,,2026-07
OD000000162740962,Pesanan selesai,False,2026-07-13 21:19:44,2026-07-13 21:20:26,2026-07-13 21:32:33,2026-07-13 21:33:08,Build A Zoo,Item,ADMIN SPEED HOURGLASS (REDUCE THE INCUBATION TIME BY 60 MINUTES) | BUILD A ZOO,Danielle Meloccaro,800,50,35200,4800,False,False,12.116666666666667,2026-07
OD000000162696762,Pesanan selesai,True,2026-07-13 06:38:43,2026-07-13 06:39:11,2026-07-13 18:49:48,2026-07-13 18:53:46,Build A Zoo,Pets,SLIME ADMIN’S OCEAN EGG | BUILD A ZOO,Catrine Angelica,5000,2,8800,1200,False,False,730.6166666666667,2026-07
OD000000162696761,Pesanan selesai,True,2026-07-13 06:38:43,2026-07-13 06:39:12,2026-07-13 18:56:20,2026-07-13 18:56:54,Build A Zoo,Item,YOGURT ICE CREAM (CREAM MUTATION FOR BIG PET) | BUILD A ZOO,Catrine Angelica,700,1,616,84,False,False,737.1333333333333,2026-07
OD000000162696760,Pesanan selesai,True,2026-07-13 06:38:43,2026-07-13 06:39:12,2026-07-13 18:55:38,2026-07-13 18:57:00,Build A Zoo,Pets,FLOWER WHALE EGG | BUILD A ZOO,Catrine Angelica,15000,1,13200,1800,False,False,736.4333333333333,2026-07
OD000000162696759,Pesanan selesai,True,2026-07-13 06:38:43,2026-07-13 06:39:11,2026-07-13 18:50:29,2026-07-13 18:53:53,Build A Zoo,Item,DURIAN (SNOW MUTATIONS  FOR BIG PET) | BUILD A ZOO,Catrine Angelica,700,1,616,84,False,False,731.3,2026-07
OD000000162696739,Pesanan selesai,True,2026-07-13 06:37:18,2026-07-13 06:37:53,2026-07-13 18:50:21,2026-07-13 18:54:00,Build A Zoo,Item,MINT JELLY (CHANCE TO GET MUTATION SLIME FOR BIG PET) | BUILD A ZOO,Catrine Angelica,800,2,1408,192,False,False,732.4666666666667,2026-07
OD000000162696738,Pesanan selesai,True,2026-07-13 06:37:18,2026-07-13 06:37:53,2026-07-13 18:50:14,2026-07-13 18:54:06,Build A Zoo,Item,MACARON JELLY (SLIME SERIES BIG PET) | BUILD A ZOO,Catrine Angelica,800,2,1408,192,False,False,732.35,2026-07
OD000000162696737,Pesanan selesai,True,2026-07-13 06:37:18,2026-07-13 06:37:53,2026-07-13 18:56:30,2026-07-13 18:57:09,Build A Zoo,Pets,PET 4M/s (ELITE CHRISTMAS RUSTY) | BUILD A ZOO,Catrine Angelica,15000,1,13200,1800,False,False,738.6166666666667,2026-07
OD000000162696736,Pesanan selesai,True,2026-07-13 06:37:18,2026-07-13 06:37:53,2026-07-13 18:49:58,2026-07-13 18:54:13,Build A Zoo,Item,SLIME SEABORN EGG | BUILD A ZOO,Catrine Angelica,2000,2,3520,480,False,False,732.0833333333334,2026-07
OD000000162696735,Pesanan selesai,True,2026-07-13 06:37:18,2026-07-13 06:37:53,2026-07-13 18:56:40,2026-07-13 18:57:16,Build A Zoo,Item,SLIME CUTTLEFISH EGG | BUILD A ZOO,Catrine Angelica,1000,4,3520,480,False,False,738.7833333333333,2026-07
OD000000162696734,Pesanan selesai,True,2026-07-13 06:37:18,2026-07-13 06:37:53,2026-07-13 18:59:13,2026-07-13 18:59:29,Build A Zoo,Item,SLIME PETALWING EGG | BUILD A ZOO,Catrine Angelica,1200,4,4224,576,False,False,741.3333333333334,2026-07
OD000000162696733,Pesanan selesai,True,2026-07-13 06:37:18,2026-07-13 06:37:53,2026-07-13 18:57:30,2026-07-13 18:58:23,Build A Zoo,Pets,VALENTINES SWIM EGG | BUILD A ZOO,Catrine Angelica,3500,2,6160,840,False,False,739.6166666666667,2026-07
OD000000162693545,Pesanan selesai,False,2026-07-13 01:57:04,2026-07-13 01:57:52,2026-07-13 10:04:14,2026-07-13 10:04:57,Build A Zoo,Pets,SLIME ADMIN'S WILD EGG | BUILD A ZOO,Danielle Meloccaro,10000,28,246400,33600,False,False,486.3666666666667,2026-07
OD000000162686079,Pesanan selesai,False,2026-07-12 21:57:23,2026-07-12 21:57:51,2026-07-13 20:04:12,2026-07-13 21:10:22,Build A Zoo,Pets,SLIME ADMIN’S OCEAN EGG | BUILD A ZOO,pamelareid85,5000,5,22000,3000,False,False,1326.35,2026-07
OD000000162686078,Pesanan selesai,False,2026-07-12 21:57:23,2026-07-12 21:57:51,2026-07-13 20:04:08,2026-07-13 21:10:35,Build A Zoo,Pets,FLOWER WHALE EGG | BUILD A ZOO,pamelareid85,15000,3,39600,5400,False,False,1326.2833333333333,2026-07
OD000000162686077,Pesanan selesai,False,2026-07-12 21:57:23,2026-07-12 21:57:51,2026-07-13 20:04:03,2026-07-13 21:10:54,Build A Zoo,Item,ACORN (THANKSGIVING UNIQUE BIG PET) | BUILD A ZOO,pamelareid85,700,6,3696,504,False,False,1326.2,2026-07
OD000000162686076,Pesanan selesai,False,2026-07-12 21:57:23,2026-07-12 21:57:51,2026-07-13 20:03:57,2026-07-13 21:11:05,Build A Zoo,Pets,SLIME ADMIN'S WILD EGG | BUILD A ZOO,pamelareid85,10000,2,17600,2400,False,False,1326.1,2026-07
OD000000162686075,Pesanan selesai,False,2026-07-12 21:57:23,2026-07-12 21:57:51,2026-07-13 19:58:30,2026-07-13 21:11:17,Build A Zoo,Item,SLIME PETALWING EGG | BUILD A ZOO,pamelareid85,1200,10,10560,1440,False,False,1320.65,2026-07
OD000000162644746,Pesanan selesai,False,2026-07-12 11:05:44,2026-07-12 11:05:57,2026-07-12 11:24:59,2026-07-12 21:26:17,Build A Zoo,Item,FRANKEN KIWI | BUILD A ZOO,Febrio Benaya,700,3,1848,252,False,False,19.033333333333335,2026-07
OD000000162627890,Pesanan selesai,False,2026-07-12 01:10:03,2026-07-12 01:10:22,2026-07-12 15:58:54,2026-07-14 16:20:34,Build A Zoo,Item,MINT JELLY (CHANCE TO GET MUTATION SLIME FOR BIG PET) | BUILD A ZOO,Riky Gt,800,15,10560,1440,False,False,888.5333333333333,2026-07
OD000000162611803,Pesanan selesai,False,2026-07-11 20:37:21,2026-07-11 20:38:00,2026-07-11 22:18:22,2026-07-11 22:18:53,Build A Zoo,Pets,SNOW CELANDINE ($189.432/s) | BUILD A ZOO,Becky Graham,10000,1,8800,1200,False,False,100.36666666666666,2026-07
OD000000162611802,Pesanan selesai,False,2026-07-11 20:37:21,2026-07-11 20:38:00,2026-07-11 22:18:17,2026-07-11 22:18:31,Build A Zoo,Pets,CREAM KAKURE ($183.379/s) | BUILD A ZOO,Becky Graham,5000,1,4400,600,False,False,100.28333333333333,2026-07
OD000000162611801,Pesanan selesai,False,2026-07-11 20:37:21,2026-07-11 20:38:00,2026-07-11 22:18:12,2026-07-11 22:19:01,Build A Zoo,Pets,FLOWER WHALE EGG | BUILD A ZOO,Becky Graham,15000,2,26400,3600,False,False,100.2,2026-07
OD000000162608486,Pesanan selesai,False,2026-07-11 19:55:37,2026-07-11 19:56:01,2026-07-11 20:28:15,2026-07-13 20:30:33,Build A Zoo,Pets,SLIME ADMIN'S WILD EGG | BUILD A ZOO,Vex Vex,12000,4,42240,5760,False,False,32.233333333333334,2026-07
OD000000162573339,Pesanan selesai,False,2026-07-11 10:50:38,2026-07-11 10:52:14,2026-07-11 11:11:14,2026-07-13 11:20:39,Build A Zoo,Pets,SLIME BELLA EGG | BUILD A ZOO,Rachel Bitoon,700,40,24640,3360,False,False,19.0,2026-07
OD000000162570902,Pesanan selesai,False,2026-07-11 10:11:06,2026-07-11 10:11:58,2026-07-11 10:50:12,2026-07-13 10:50:35,Build A Zoo,Pets,SLIME ADMIN'S WILD EGG | BUILD A ZOO,Vex Vex,15000,4,52800,7200,False,False,38.233333333333334,2026-07
OD000000162569228,Pesanan selesai,False,2026-07-11 09:41:03,2026-07-11 09:41:42,2026-07-11 10:50:34,2026-07-13 11:00:33,Build A Zoo,Pets,SLIME ADMIN'S WILD EGG | BUILD A ZOO,Sam Shears,15000,10,132000,18000,False,False,68.86666666666666,2026-07
OD000000162569227,Pesanan selesai,False,2026-07-11 09:41:03,2026-07-11 09:41:42,2026-07-11 10:50:41,2026-07-13 11:00:31,Build A Zoo,Item,SLIME SEABORN EGG | BUILD A ZOO,Sam Shears,2000,20,35200,4800,False,False,68.98333333333333,2026-07
OD000000162569226,Pesanan selesai,False,2026-07-11 09:41:03,2026-07-11 09:41:42,2026-07-11 10:50:49,2026-07-13 11:00:32,Build A Zoo,Item,SLIME CUTTLEFISH EGG | BUILD A ZOO,Sam Shears,1000,15,13200,1800,False,False,69.11666666666666,2026-07
OD000000162569225,Pesanan selesai,False,2026-07-11 09:41:03,2026-07-11 09:41:42,2026-07-11 10:50:02,2026-07-13 10:50:34,Build A Zoo,Item,ADMIN SPEED HOURGLASS (REDUCE THE INCUBATION TIME BY 60 MINUTES) | BUILD A ZOO,Sam Shears,800,100,70400,9600,False,False,68.33333333333333,2026-07
OD000000162569224,Pesanan selesai,False,2026-07-11 09:41:03,2026-07-11 09:41:42,2026-07-11 10:49:53,2026-07-13 10:50:34,Build A Zoo,Item,SLIME PETALWING EGG | BUILD A ZOO,Sam Shears,1500,100,132000,18000,False,False,68.18333333333334,2026-07
OD000000162569223,Pesanan selesai,False,2026-07-11 09:41:03,2026-07-11 09:41:42,2026-07-11 10:47:10,2026-07-13 10:50:34,Build A Zoo,Pets,PET 15M/s (CREAM SLITHIA) - PET EVENT!!! | BUILD A ZOO,Sam Shears,280000,1,246400,33600,False,False,65.46666666666667,2026-07
OD000000162548578,Pesanan selesai,False,2026-07-10 22:05:40,2026-07-10 22:06:32,2026-07-11 15:01:19,2026-07-11 15:01:57,Build A Zoo,Pets,LUMINA ($30.687/s) | BUILD A ZOO,Becky Graham,15000,1,13200,1800,False,False,1014.7833333333333,2026-07
OD000000162548577,Pesanan selesai,False,2026-07-10 22:05:40,2026-07-10 22:06:32,2026-07-11 15:01:15,2026-07-11 15:02:31,Build A Zoo,Pets,NOEL ($18.053/s) | BUILD A ZOO,Becky Graham,2000,2,3520,480,False,False,1014.7166666666667,2026-07
OD000000162548576,Pesanan selesai,False,2026-07-10 22:05:40,2026-07-10 22:06:32,2026-07-11 15:00:49,2026-07-11 15:02:42,Build A Zoo,Pets,SLIME ADMIN'S WILD EGG | BUILD A ZOO,Becky Graham,18000,10,158400,21600,False,False,1014.2833333333333,2026-07
OD000000162548575,Pesanan selesai,False,2026-07-10 22:05:40,2026-07-10 22:06:32,2026-07-11 15:01:10,2026-07-11 15:02:52,Build A Zoo,Pets,SLIME ADMIN’S OCEAN EGG | BUILD A ZOO,Becky Graham,10000,14,123200,16800,False,False,1014.6333333333333,2026-07
OD000000162536539,Pesanan selesai,False,2026-07-10 19:45:26,2026-07-10 19:46:08,2026-07-10 20:03:19,2026-07-10 20:36:08,Build A Zoo,Pets,SLIME ADMIN'S WILD EGG | BUILD A ZOO,Vex Vex,18000,2,31680,4320,False,False,17.183333333333334,2026-07
OD000000162535383,Pesanan selesai,False,2026-07-10 19:33:08,2026-07-10 19:33:37,2026-07-10 19:38:52,2026-07-12 19:40:37,Build A Zoo,Pets,SLIME ADMIN'S WILD EGG | BUILD A ZOO,Vex Vex,18000,2,31680,4320,False,False,5.25,2026-07
OD000000162523500,Pesanan selesai,False,2026-07-10 16:56:14,2026-07-10 16:56:46,2026-07-10 17:05:21,2026-07-12 17:20:33,Build A Zoo,Pets,SLIME ADMIN'S WILD EGG | BUILD A ZOO,Vex Vex,16000,4,56320,7680,False,False,8.583333333333334,2026-07
OD000000162516847,Pesanan selesai,False,2026-07-10 15:25:30,2026-07-10 15:27:26,2026-07-10 15:39:51,2026-07-12 15:40:39,Build A Zoo,Item,MINT JELLY (CHANCE TO GET MUTATION SLIME FOR BIG PET) | BUILD A ZOO,Xie Lil,800,5,3520,480,False,False,12.416666666666666,2026-07
OD000000162516846,Pesanan selesai,False,2026-07-10 15:25:30,2026-07-10 15:27:26,2026-07-10 15:39:46,2026-07-12 15:40:39,Build A Zoo,Item,FRANKEN KIWI | BUILD A ZOO,Xie Lil,700,9,5544,756,False,False,12.333333333333334,2026-07
OD000000162516844,Pesanan selesai,False,2026-07-10 15:25:30,2026-07-10 15:27:26,2026-07-10 15:39:41,2026-07-12 15:40:40,Build A Zoo,Item,MACARON JELLY (SLIME SERIES BIG PET) | BUILD A ZOO,Xie Lil,800,3,2112,288,False,False,12.25,2026-07
OD000000162486715,Pesanan selesai,False,2026-07-10 04:48:55,2026-07-10 04:49:46,2026-07-10 06:17:01,2026-07-12 06:20:31,Build A Zoo,Pets,SLIME ADMIN'S WILD EGG | BUILD A ZOO,Sam Shears,18000,10,158400,21600,False,False,87.25,2026-07
OD000000162486714,Pesanan selesai,False,2026-07-10 04:48:55,2026-07-10 04:49:46,2026-07-10 06:17:39,2026-07-12 06:20:32,Build A Zoo,Pets,SLIME ADMIN’S OCEAN EGG | BUILD A ZOO,Sam Shears,12000,10,105600,14400,False,False,87.88333333333334,2026-07
OD000000162482701,Pesanan selesai,False,2026-07-10 00:47:40,2026-07-10 00:47:57,2026-07-10 07:41:10,2026-07-10 07:41:52,Build A Zoo,Item,COLOSSAL PINECONE | BUILD A ZOO,Riky Gt,700,10,6160,840,False,False,413.21666666666664,2026-07
OD000000162482700,Pesanan selesai,False,2026-07-10 00:47:40,2026-07-10 00:47:57,2026-07-10 07:41:02,2026-07-12 01:29:01,Build A Zoo,Item,GINGERBREAD (FOR UNLOCK UNIQUE BIG PET) | BUILD A ZOO,Riky Gt,700,10,6160,840,False,False,413.0833333333333,2026-07
OD000000162482699,Pesanan selesai,False,2026-07-10 00:47:40,2026-07-10 00:47:58,2026-07-10 07:41:07,2026-07-12 08:00:31,Build A Zoo,Item,FRANKEN KIWI | BUILD A ZOO,Riky Gt,700,10,6160,840,False,False,413.15,2026-07
OD000000162468007,Pesanan selesai,False,2026-07-09 20:29:22,2026-07-09 20:29:57,2026-07-09 20:56:15,2026-07-11 21:00:40,Build A Zoo,Pets,FIRE PEBBLE ($278.910/s) | BUILD A ZOO,Iyalah Maniez,3000,3,7920,1080,False,False,26.3,2026-07
OD000000162468006,Pesanan selesai,False,2026-07-09 20:29:22,2026-07-09 20:29:57,2026-07-09 20:56:21,2026-07-11 21:00:39,Build A Zoo,Pets,NOEL ($18.053/s) | BUILD A ZOO,Iyalah Maniez,2000,1,1760,240,False,False,26.4,2026-07
OD000000162468005,Dana dikembalikan,False,2026-07-09 20:29:22,2026-07-09 20:29:56,,,Build A Zoo,Pets,SNOW TEDDY | BUILD A ZOO,Iyalah Maniez,600,2,1056,144,False,False,,2026-07
OD000000162468004,Dana dikembalikan,False,2026-07-09 20:29:22,2026-07-09 20:29:56,,,Build A Zoo,Pets,JURA WOLFIE | BUILD A ZOO,Iyalah Maniez,5000,1,4400,600,False,False,,2026-07
OD000000162449652,Pesanan selesai,False,2026-07-09 15:50:42,2026-07-09 15:51:26,2026-07-09 18:28:44,2026-07-09 18:29:01,Build A Zoo,Pets,PET LIMITED!!! - SNOW PRANCER ($512.976/s) | BUILD A ZOO,ops,45000,1,39600,5400,False,False,157.3,2026-07
OD000000162441479,Pesanan selesai,False,2026-07-09 13:26:59,2026-07-09 13:28:15,2026-07-09 13:32:40,2026-07-09 13:33:51,Build A Zoo,Pets,SLIME ADMIN'S WILD EGG | BUILD A ZOO,el dax,18000,3,47520,6480,False,False,4.416666666666667,2026-07
OD000000162419742,Pesanan selesai,True,2026-07-09 01:13:55,2026-07-09 01:14:48,2026-07-09 11:38:54,2026-07-09 11:39:27,Build A Zoo,Item,GINGERBREAD (FOR UNLOCK UNIQUE BIG PET) | BUILD A ZOO,Riky Gt,700,5,3080,420,False,False,624.1,2026-07
OD000000162419741,Pesanan selesai,True,2026-07-09 01:13:55,2026-07-09 01:14:48,2026-07-09 11:38:50,2026-07-09 11:39:39,Build A Zoo,Item,FRANKEN KIWI | BUILD A ZOO,Riky Gt,700,5,3080,420,False,False,624.0333333333333,2026-07
OD000000162417889,Pesanan selesai,False,2026-07-09 00:10:11,2026-07-09 00:10:24,2026-07-09 11:38:45,2026-07-09 11:39:44,Build A Zoo,Item,VOLT GINKGO (CHANCE TO GET MUTATION JURA FOR BIG PET) | BUILD A ZOO,Riky Gt,700,50,30800,4200,False,False,688.35,2026-07
OD000000162413763,Pesanan selesai,True,2026-07-08 22:43:42,2026-07-08 22:44:14,2026-07-09 10:13:44,2026-07-11 10:20:38,Build A Zoo,Item,MACARON JELLY (SLIME SERIES BIG PET) | BUILD A ZOO,miniltea62055755,800,50,35200,4800,False,False,689.5,2026-07
OD000000162410712,Pesanan selesai,False,2026-07-08 21:51:08,2026-07-08 21:52:08,2026-07-09 06:32:49,2026-07-09 06:33:43,Build A Zoo,Item,FRANKEN KIWI | BUILD A ZOO,Fikri 10,700,10,6160,840,False,False,520.6833333333333,2026-07
OD000000162410711,Pesanan selesai,False,2026-07-08 21:51:08,2026-07-08 21:52:08,2026-07-09 06:32:45,2026-07-09 06:34:13,Build A Zoo,Item,CANDY CORN (HALLOWEEN SERIES BIG PET) | BUILD A ZOO,Fikri 10,700,5,3080,420,False,False,520.6166666666667,2026-07
OD000000162410710,Pesanan selesai,False,2026-07-08 21:51:08,2026-07-08 21:52:09,2026-07-09 06:32:40,2026-07-09 06:34:41,Build A Zoo,Item,VOLT GINKGO (CHANCE TO GET MUTATION JURA FOR BIG PET) | BUILD A ZOO,Fikri 10,700,5,3080,420,False,False,520.5166666666667,2026-07
OD000000162410709,Pesanan selesai,False,2026-07-08 21:51:08,2026-07-08 21:52:08,2026-07-09 06:32:34,2026-07-09 06:34:53,Build A Zoo,Item,MINT JELLY (CHANCE TO GET MUTATION SLIME FOR BIG PET) | BUILD A ZOO,Fikri 10,800,5,3520,480,False,False,520.4333333333333,2026-07
OD000000162409104,Pesanan selesai,False,2026-07-08 21:27:54,2026-07-08 21:28:43,2026-07-09 06:12:09,2026-07-11 06:30:35,Build A Zoo,Pets,SLIME ADMIN'S WILD EGG | BUILD A ZOO,Sam Shears,18000,6,95040,12960,False,False,523.4333333333333,2026-07
OD000000162409103,Pesanan selesai,False,2026-07-08 21:27:54,2026-07-08 21:28:44,2026-07-09 06:08:09,2026-07-11 06:30:34,Build A Zoo,Item,SLIME CUTTLEFISH EGG | BUILD A ZOO,Sam Shears,800,15,10560,1440,False,False,519.4166666666666,2026-07
OD000000162409102,Pesanan selesai,False,2026-07-08 21:27:54,2026-07-08 21:28:44,2026-07-09 06:08:03,2026-07-11 06:30:34,Build A Zoo,Item,SLIME SEABORN EGG | BUILD A ZOO,Sam Shears,1000,8,7040,960,False,False,519.3166666666667,2026-07
OD000000162409101,Pesanan selesai,False,2026-07-08 21:27:54,2026-07-08 21:28:45,2026-07-09 06:07:58,2026-07-11 06:30:34,Build A Zoo,Pets,PET LIMITED!!! - CREAM BONGO ($205.402/s) | BUILD A ZOO,Sam Shears,10000,1,8800,1200,False,False,519.2166666666667,2026-07
OD000000162409100,Pesanan selesai,False,2026-07-08 21:27:54,2026-07-08 21:28:43,2026-07-09 06:07:53,2026-07-11 06:30:34,Build A Zoo,Pets,EGG EVENT!!! - SNOW YETI EGG | BUILD A ZOO,Sam Shears,7000,5,30800,4200,False,False,519.1666666666666,2026-07
OD000000162409099,Pesanan selesai,False,2026-07-08 21:27:54,2026-07-08 21:28:44,2026-07-09 06:07:49,2026-07-11 06:30:34,Build A Zoo,Pets,EGG EVENT!!! - JURA YETI EGG | BUILD A ZOO,Sam Shears,7000,5,30800,4200,False,False,519.0833333333334,2026-07
OD000000162409098,Pesanan selesai,False,2026-07-08 21:27:54,2026-07-08 21:28:44,2026-07-09 06:07:43,2026-07-11 06:30:33,Build A Zoo,Pets,PET LIMITED!!! - CHRISTMAS PRANCER ($1.816M/s) | BUILD A ZOO,Sam Shears,150000,1,132000,18000,False,False,518.9833333333333,2026-07
OD000000162408647,Pesanan selesai,False,2026-07-08 21:21:22,2026-07-08 21:22:16,2026-07-09 06:00:36,2026-07-11 06:30:34,Build A Zoo,Pets,SLIME BELLA EGG | BUILD A ZOO,Jeffer Carbaquel,700,10,6160,840,False,False,518.3333333333334,2026-07
OD000000162360807,Pesanan selesai,False,2026-07-08 08:14:46,2026-07-08 08:15:18,2026-07-08 08:21:47,2026-07-10 08:30:32,Build A Zoo,Pets,SLIME BELLA EGG | BUILD A ZOO,Zaaa yawr,700,20,12320,1680,False,False,6.483333333333333,2026-07
OD000000162356240,Dana dikembalikan,False,2026-07-08 03:22:11,2026-07-08 03:22:53,,,Build A Zoo,Item,FRANKEN KIWI | BUILD A ZOO,Pascal Gottwald,800,20,14080,1920,False,False,,2026-07
OD000000162356239,Dana dikembalikan,False,2026-07-08 03:22:11,2026-07-08 03:22:53,,,Build A Zoo,Item,CANDY CORN (HALLOWEEN SERIES BIG PET) | BUILD A ZOO,Pascal Gottwald,800,20,14080,1920,False,False,,2026-07
OD000000162356238,Dana dikembalikan,False,2026-07-08 03:22:11,2026-07-08 03:22:53,,,Build A Zoo,Item,CHERRY (VALENTINES MUTATION) | BUILD A ZOO,Pascal Gottwald,800,20,14080,1920,False,False,,2026-07
OD000000162356237,Dana dikembalikan,False,2026-07-08 03:22:11,2026-07-08 03:22:53,,,Build A Zoo,Item,CANDY CANE (CHRISTMAS MUTATION) | BUILD A ZOO,Pascal Gottwald,800,9,6336,864,False,False,,2026-07
OD000000162356236,Dana dikembalikan,False,2026-07-08 03:22:11,2026-07-08 03:22:53,,,Build A Zoo,Item,ACORN (THANKSGIVING UNIQUE BIG PET) | BUILD A ZOO,Pascal Gottwald,800,20,14080,1920,False,False,,2026-07
OD000000162356235,Dana dikembalikan,False,2026-07-08 03:22:11,2026-07-08 03:22:53,,,Build A Zoo,Item,CRANBERRY (THANKSGIVING MUTATION) | BUILD A ZOO,Pascal Gottwald,800,8,5632,768,False,False,,2026-07
OD000000162356234,Dana dikembalikan,False,2026-07-08 03:22:11,2026-07-08 03:22:53,,,Build A Zoo,Item,PUMPKIN FRUIT (HALLOWEEN MUTATION) + BONUS,Pascal Gottwald,800,20,14080,1920,False,False,,2026-07
OD000000162356233,Dana dikembalikan,False,2026-07-08 03:22:11,2026-07-08 03:22:53,,,Build A Zoo,Item,MINT JELLY (CHANCE TO GET MUTATION SLIME FOR BIG PET) | BUILD A ZOO,Pascal Gottwald,1000,20,17600,2400,False,False,,2026-07
OD000000162356232,Dana dikembalikan,False,2026-07-08 03:22:11,2026-07-08 03:22:53,,,Build A Zoo,Item,MACARON JELLY (SLIME SERIES BIG PET) | BUILD A ZOO,Pascal Gottwald,1000,20,17600,2400,False,False,,2026-07
OD000000162356231,Dana dikembalikan,False,2026-07-08 03:22:11,2026-07-08 03:22:53,,,Build A Zoo,Pets,SLIME ADMIN’S OCEAN EGG | BUILD A ZOO,Pascal Gottwald,20000,3,52800,7200,False,False,,2026-07
OD000000162331282,Pesanan selesai,False,2026-07-07 18:53:54,2026-07-07 18:54:27,2026-07-07 18:58:32,2026-07-09 19:00:44,Build A Zoo,Pets,PET 6M/s (ELITE CREAM METRO GIRAFFE) | BUILD A ZOO,Riski Bachtiar,20000,1,17600,2400,False,False,4.083333333333333,2026-07
OD000000162305427,Pesanan selesai,False,2026-07-07 12:16:29,2026-07-07 12:18:47,2026-07-07 15:54:27,2026-07-09 16:00:38,Build A Zoo,Pets,HALLOWEEN LESHEN ($373.152/s) | BUILD A ZOO,Nadia shafira,2500,1,2200,300,False,False,215.66666666666666,2026-07
OD000000162237202,Pesanan selesai,False,2026-07-06 12:40:15,2026-07-06 12:41:16,2026-07-06 18:34:25,2026-07-06 20:28:20,Build A Zoo,Pets,SLIME BELLA EGG | BUILD A ZOO,mjzafeva51137,700,10,6160,840,False,False,353.15,2026-07
OD000000162232741,Pesanan selesai,False,2026-07-06 11:30:54,2026-07-06 11:40:16,2026-07-06 11:49:15,2026-07-06 12:54:11,Build A Zoo,Pets,PET LIMITED!!! - SLIME PRANCER ($940.456/s) | BUILD A ZOO,el dax,80000,1,70400,9600,False,False,8.983333333333333,2026-07
OD000000162225843,Pesanan selesai,False,2026-07-06 09:31:59,2026-07-06 09:34:17,2026-07-06 09:56:13,2026-07-08 10:00:39,Build A Zoo,Pets,SLIME BELLA EGG | BUILD A ZOO,Jade Codamon,700,50,30800,4200,False,False,21.933333333333334,2026-07
OD000000162225356,Pesanan selesai,False,2026-07-06 09:20:56,2026-07-06 09:23:27,2026-07-06 09:28:33,2026-07-08 09:30:37,Build A Zoo,Pets,SLIME BELLA EGG | BUILD A ZOO,Jade Codamon,700,100,61600,8400,False,False,5.1,2026-07
OD000000162221093,Pesanan selesai,False,2026-07-06 07:19:27,2026-07-06 07:20:07,2026-07-06 07:26:32,2026-07-08 07:30:33,Build A Zoo,Pets,PET LIMITED!!! - HALLOWEEN PRANCER ($555.724/s) | BUILD A ZOO,Vex Vex,60000,1,52800,7200,False,False,6.416666666666667,2026-07
OD000000162219442,Pesanan selesai,False,2026-07-06 05:32:18,2026-07-06 05:32:42,2026-07-06 08:56:41,2026-07-06 08:59:57,Build A Zoo,Pets,SLIME BELLA EGG | BUILD A ZOO,Alulu V2,700,10,6160,840,False,False,203.98333333333332,2026-07
OD000000162219408,Pesanan selesai,False,2026-07-06 05:30:35,2026-07-06 05:31:14,2026-07-06 08:56:36,2026-07-06 08:59:46,Build A Zoo,Pets,HALLOWEEN PEBBLE ($362.583/s) | BUILD A ZOO,Alulu V2,3000,1,2640,360,False,False,205.36666666666667,2026-07
OD000000162206411,Pesanan selesai,False,2026-07-05 21:31:58,2026-07-05 21:32:29,2026-07-05 21:42:52,2026-07-07 21:50:35,Build A Zoo,Item,CHERRY (VALENTINES MUTATION) | BUILD A ZOO,Andi Ariel Nicholas,800,10,7040,960,False,False,10.383333333333333,2026-07
OD000000162206410,Pesanan selesai,False,2026-07-05 21:31:58,2026-07-05 21:32:29,2026-07-05 21:42:46,2026-07-07 21:50:35,Build A Zoo,Item,FRANKEN KIWI | BUILD A ZOO,Andi Ariel Nicholas,800,10,7040,960,False,False,10.283333333333333,2026-07
OD000000162202728,Pesanan selesai,False,2026-07-05 20:37:33,2026-07-05 20:38:32,2026-07-05 21:03:43,2026-07-07 21:10:33,Build A Zoo,Pets,PET LIMITED!!! - CHRISTMAS REGAL ($523.260/s) | BUILD A ZOO,Sam Shears,45000,1,39600,5400,False,False,25.183333333333334,2026-07
OD000000162202727,Pesanan selesai,False,2026-07-05 20:37:33,2026-07-05 20:38:31,2026-07-05 21:03:34,2026-07-07 21:10:35,Build A Zoo,Pets,PET LIMITED!!! - THANKSGIVING PRANCER ($577.098/s) | BUILD A ZOO,Sam Shears,60000,1,52800,7200,False,False,25.05,2026-07
OD000000162202726,Pesanan selesai,False,2026-07-05 20:37:33,2026-07-05 20:38:32,2026-07-05 21:03:28,2026-07-07 21:10:35,Build A Zoo,Pets,PET LIMITED!!! - VALENTINES PRANCER ($683.968/s) | BUILD A ZOO,Sam Shears,80000,1,70400,9600,False,False,24.933333333333334,2026-07
OD000000162202725,Pesanan selesai,False,2026-07-05 20:37:33,2026-07-05 20:38:31,2026-07-05 21:04:06,2026-07-07 21:10:35,Build A Zoo,Pets,PET LIMITED!!! - HALLOWEEN REGAL ($453.492/s) | BUILD A ZOO,Sam Shears,45000,1,39600,5400,False,False,25.583333333333332,2026-07
OD000000162202724,Dana dikembalikan,False,2026-07-05 20:37:33,2026-07-05 20:38:32,,,Build A Zoo,Pets,EGG EVENT!!! - JURA TURKEY EGG | BUILD A ZOO,Sam Shears,7000,5,30800,4200,False,False,,2026-07
OD000000162202723,Dana dikembalikan,False,2026-07-05 20:37:33,2026-07-05 20:38:31,,,Build A Zoo,Pets,EGG EVENT!!! - SNOW TURKEY EGG | BUILD A ZOO,Sam Shears,7000,5,30800,4200,False,False,,2026-07
OD000000162202722,Pesanan selesai,False,2026-07-05 20:37:33,2026-07-05 20:38:33,2026-07-05 21:01:49,2026-07-07 21:10:34,Build A Zoo,Pets,SLIME ADMIN'S WILD EGG | BUILD A ZOO,Sam Shears,45000,3,118800,16200,False,False,23.266666666666666,2026-07
OD000000162202721,Pesanan selesai,False,2026-07-05 20:37:33,2026-07-05 20:38:33,2026-07-05 21:05:10,2026-07-07 21:10:34,Build A Zoo,Pets,SLIME ADMIN’S OCEAN EGG | BUILD A ZOO,Sam Shears,35000,2,61600,8400,False,False,26.616666666666667,2026-07
OD000000162197189,Pesanan selesai,False,2026-07-05 19:22:35,2026-07-05 19:24:16,2026-07-05 21:32:23,2026-07-05 21:35:29,Build A Zoo,Pets,PET LIMITED!!! - LYSANDER ($36.245/s) | BUILD A ZOO,hson Poll,220000,1,193600,26400,False,False,128.11666666666667,2026-07
OD000000162158868,Pesanan selesai,False,2026-07-05 09:18:56,2026-07-05 09:19:46,2026-07-05 21:05:28,2026-07-07 21:10:33,Build A Zoo,Pets,EGG EVENT!!! - ELECTRIC YETI EGG | BUILD A ZOO,Sam Shears,5000,7,30800,4200,False,False,705.7,2026-07
OD000000162158867,Pesanan selesai,False,2026-07-05 09:18:56,2026-07-05 09:19:47,2026-07-05 21:05:35,2026-07-07 21:10:33,Build A Zoo,Pets,EGG EVENT!!! - FIRE YETI EGG | BUILD A ZOO,Sam Shears,5000,5,22000,3000,False,False,705.8,2026-07
OD000000162158866,Pesanan selesai,False,2026-07-05 09:18:56,2026-07-05 09:19:46,2026-07-05 21:05:41,2026-07-07 21:10:31,Build A Zoo,Pets,PET LIMITED!!! - ELECTRIC NIMBUS / GARY ($254.833/s) | BUILD A ZOO,Sam Shears,80000,1,70400,9600,False,False,705.9166666666666,2026-07
OD000000162158865,Pesanan selesai,False,2026-07-05 09:18:56,2026-07-05 09:19:46,2026-07-05 21:02:56,2026-07-07 21:10:33,Build A Zoo,Pets,PET LIMITED!!! - SIRIUS ($36.852/s) | BUILD A ZOO,Sam Shears,250000,1,220000,30000,False,False,703.1666666666666,2026-07
OD000000162158864,Pesanan selesai,False,2026-07-05 09:18:56,2026-07-05 09:19:47,2026-07-05 21:02:24,2026-07-07 21:10:32,Build A Zoo,Pets,PET LIMITED!!! - JURA PRANCER ($512.976/s) | BUILD A ZOO,Sam Shears,120000,1,105600,14400,False,False,702.6166666666667,2026-07
OD000000162151147,Pesanan selesai,False,2026-07-05 03:29:03,2026-07-05 03:29:25,2026-07-05 21:29:41,2026-07-05 21:30:34,Build A Zoo,Pets,PET LIMITED!!! - MOSASAURUS ($492.048/s) | BUILD A ZOO,el dax,100000,1,88000,12000,False,False,1080.2666666666667,2026-07
OD000000162102575,Pesanan selesai,False,2026-07-04 13:20:46,2026-07-04 13:21:05,2026-07-04 13:31:15,2026-07-06 14:20:39,Build A Zoo,Pets,VOLTICE ($36.084/s) - PET SEASON 0.5% | BUILD A ZOO,Fadhil Arga,10000,1,8800,1200,False,False,10.166666666666666,2026-07
OD000000162088998,Pesanan selesai,False,2026-07-04 09:36:58,2026-07-04 09:37:15,2026-07-04 10:01:28,2026-07-06 10:10:59,Build A Zoo,Pets,CHRISTMAS PEBBLE ($418.365/s) | BUILD A ZOO,Satriaadyasta Alvaro,3000,2,5280,720,False,False,24.216666666666665,2026-07
OD000000162088936,Dana dikembalikan,False,2026-07-04 09:35:27,2026-07-04 09:35:42,,,Build A Zoo,Pets,FLOPPY ($31.508/s) | BUILD A ZOO,Satriaadyasta Alvaro,7000,1,6160,840,False,False,,2026-07
OD000000162082646,Pesanan selesai,False,2026-07-04 06:36:12,2026-07-04 06:37:14,2026-07-04 07:24:19,2026-07-06 07:30:32,Build A Zoo,Pets,VALENTINES PEBBLE ($446.256/s) | BUILD A ZOO,Jade Codamon,3000,1,2640,360,False,False,47.083333333333336,2026-07
OD000000162082645,Pesanan selesai,False,2026-07-04 06:36:12,2026-07-04 06:37:15,2026-07-04 07:24:13,2026-07-06 07:30:32,Build A Zoo,Pets,PET EVENT!!! - GLAZYN ($33.605/s) | BUILD A ZOO,Jade Codamon,30000,1,26400,3600,False,False,46.96666666666667,2026-07
OD000000162082620,Pesanan selesai,False,2026-07-04 06:34:26,2026-07-04 06:34:44,2026-07-04 07:28:26,2026-07-04 07:28:53,Build A Zoo,Pets,PET SUPER LIMITED - CREAM ORCA ($519.197/s) | BUILD A ZOO,Zaulian,55000,1,48400,6600,False,False,53.7,2026-07
OD000000162082453,Pesanan selesai,False,2026-07-04 06:24:38,2026-07-04 06:25:14,2026-07-04 07:24:43,2026-07-06 07:30:32,Build A Zoo,Pets,CREAM PEBBLE ($474.147/s) | BUILD A ZOO,Jade Codamon,3000,1,2640,360,False,False,59.483333333333334,2026-07
OD000000162082435,Pesanan selesai,False,2026-07-04 06:23:26,2026-07-04 06:23:50,2026-07-04 07:28:18,2026-07-04 07:29:02,Build A Zoo,Pets,EGG EVENT!!! - JURA YETI EGG | BUILD A ZOO,Zaulian,7000,5,30800,4200,False,False,64.46666666666667,2026-07
OD000000162082407,Pesanan selesai,False,2026-07-04 06:20:38,2026-07-04 06:21:10,2026-07-04 07:28:12,2026-07-04 07:29:09,Build A Zoo,Pets,SLIME ADMIN'S WILD EGG | BUILD A ZOO,Zaulian,45000,4,158400,21600,False,False,67.03333333333333,2026-07
OD000000162074631,Pesanan selesai,False,2026-07-03 23:47:45,2026-07-03 23:47:50,2026-07-04 21:20:24,2026-07-04 21:22:13,Build A Zoo,Pets,PET 5M/s (ELITE CREAM DYNAM) | BUILD A ZOO,Zoro,18000,1,15840,2160,False,False,1292.5666666666666,2026-07
OD000000162074630,Pesanan selesai,False,2026-07-03 23:47:45,2026-07-03 23:47:50,2026-07-04 21:20:20,2026-07-06 21:20:38,Build A Zoo,Pets,CREAM PEBBLE ($474.147/s) | BUILD A ZOO,Zoro,3000,1,2640,360,False,False,1292.5,2026-07
OD000000162062231,Pesanan selesai,False,2026-07-03 20:38:09,2026-07-03 20:39:00,2026-07-04 06:55:32,2026-07-06 07:00:32,Build A Zoo,Pets,EGG EVENT!!! - SNOW YETI EGG | BUILD A ZOO,Sam Shears,7000,5,30800,4200,False,False,616.5333333333333,2026-07
OD000000162062230,Pesanan selesai,False,2026-07-03 20:38:09,2026-07-03 20:39:00,2026-07-04 06:55:26,2026-07-06 07:00:32,Build A Zoo,Pets,EGG EVENT!!! - THANKSGIVING YETI | BUILD A ZOO,Sam Shears,7000,5,30800,4200,False,False,616.4333333333333,2026-07
OD000000162062229,Pesanan selesai,False,2026-07-03 20:38:09,2026-07-03 20:39:01,2026-07-04 06:54:09,2026-07-06 07:00:32,Build A Zoo,Pets,EGG EVENT!!! - CHRISTMAS YETI EGG | BUILD A ZOO,Sam Shears,8000,11,77440,10560,False,False,615.1333333333333,2026-07
OD000000162062228,Pesanan selesai,False,2026-07-03 20:38:09,2026-07-03 20:39:00,2026-07-04 06:52:31,2026-07-06 07:00:32,Build A Zoo,Pets,EGG EVENT!!! - VALENTINES YETI EGG | BUILD A ZOO,Sam Shears,10000,9,79200,10800,False,False,613.5166666666667,2026-07
OD000000162062227,Pesanan selesai,False,2026-07-03 20:38:09,2026-07-03 20:39:00,2026-07-04 06:51:51,2026-07-06 07:00:31,Build A Zoo,Pets,EGG EVENT!!! - CREAM YETI EGG | BUILD A ZOO,Sam Shears,10000,4,35200,4800,False,False,612.85,2026-07
OD000000162062226,Pesanan selesai,False,2026-07-03 20:38:09,2026-07-03 20:39:01,2026-07-04 06:51:12,2026-07-06 07:00:31,Build A Zoo,Pets,EGG EVENT!!! - ELECTRIC TURKEY EGG | BUILD A ZOO,Sam Shears,5000,5,22000,3000,False,False,612.1833333333333,2026-07
OD000000162062225,Pesanan selesai,False,2026-07-03 20:38:09,2026-07-03 20:39:00,2026-07-04 06:50:33,2026-07-06 07:00:31,Build A Zoo,Pets,EGG EVENT!!! - FIRE TURKEY EGG | BUILD A ZOO,Sam Shears,5000,10,44000,6000,False,False,611.55,2026-07
OD000000162062224,Pesanan selesai,False,2026-07-03 20:38:09,2026-07-03 20:39:01,2026-07-04 06:49:24,2026-07-06 06:50:35,Build A Zoo,Pets,EGG EVENT!!! - JURA TURKEY EGG | BUILD A ZOO,Sam Shears,7000,10,61600,8400,False,False,610.3833333333333,2026-07
OD000000162062223,Pesanan selesai,False,2026-07-03 20:38:09,2026-07-03 20:39:01,2026-07-04 06:49:00,2026-07-06 06:50:36,Build A Zoo,Pets,EGG EVENT!!! - HALLOWEEN TURKEY EGG | BUILD A ZOO,Sam Shears,7000,5,30800,4200,False,False,609.9833333333333,2026-07
OD000000162062222,Pesanan selesai,False,2026-07-03 20:38:09,2026-07-03 20:39:00,2026-07-04 06:48:54,2026-07-06 06:50:37,Build A Zoo,Pets,EGG EVENT!!! - SNOW TURKEY EGG | BUILD A ZOO,Sam Shears,7000,5,30800,4200,False,False,609.9,2026-07
OD000000162059971,Pesanan selesai,False,2026-07-03 20:11:15,2026-07-03 20:11:37,2026-07-03 20:19:15,2026-07-03 20:19:50,Build A Zoo,Pets,VALENTINES LESHEN ($459.264/s) | BUILD A ZOO,MZ Mart,2000,1,1760,240,False,False,7.633333333333334,2026-07
OD000000162031410,Pesanan selesai,False,2026-07-03 13:43:40,2026-07-03 13:43:58,2026-07-03 13:58:38,2026-07-03 22:21:13,Build A Zoo,Pets,CREAM PEBBLE ($474.147/s) | BUILD A ZOO,RAMz Villain,3000,1,2640,360,False,False,14.666666666666666,2026-07
OD000000162017025,Pesanan selesai,False,2026-07-03 09:31:27,2026-07-03 09:31:43,2026-07-03 12:29:38,2026-07-03 12:30:59,Build A Zoo,Pets,CHRISTMAS PEBBLE ($418.365/s) | BUILD A ZOO,RAMz Villain,3000,1,2640,360,False,False,177.91666666666666,2026-07
OD000000161991827,Pesanan selesai,False,2026-07-02 20:20:31,2026-07-02 20:21:39,2026-07-02 20:30:39,2026-07-04 20:40:36,Build A Zoo,Pets,VALENTINES LESHEN ($459.264/s) | BUILD A ZOO,Cendol Dawet,2000,2,3520,480,False,False,9.0,2026-07
OD000000161986899,Pesanan selesai,False,2026-07-02 19:21:27,2026-07-02 19:21:54,2026-07-02 20:11:46,2026-07-04 20:20:34,Build A Zoo,Pets,PET 300K/s (JURA SENTINEL) | BUILD A ZOO,Cendol Dawet,1000,1,880,120,False,False,49.86666666666667,2026-07
OD000000161984375,Pesanan selesai,False,2026-07-02 18:49:50,2026-07-02 18:49:50,2026-07-02 18:53:46,2026-07-04 19:10:36,Build A Zoo,Pets,PET 1.2M/s (CREAM VEXEL) | BUILD A ZOO,Zoro,15000,1,13200,1800,False,False,3.933333333333333,2026-07
OD000000161981598,Pesanan selesai,False,2026-07-02 18:12:49,2026-07-02 18:12:49,2026-07-02 18:18:01,2026-07-02 18:48:40,Build A Zoo,Item,FRANKEN KIWI | BUILD A ZOO,Zoro,800,7,4928,672,False,False,5.2,2026-07
OD000000161981597,Pesanan selesai,False,2026-07-02 18:12:49,2026-07-02 18:12:49,2026-07-02 18:17:56,2026-07-04 18:30:39,Build A Zoo,Item,VOLT GINKGO (CHANCE TO GET MUTATION JURA FOR BIG PET) | BUILD A ZOO,Zoro,800,7,4928,672,False,False,5.116666666666666,2026-07
OD000000161975422,Pesanan selesai,False,2026-07-02 16:39:21,2026-07-02 16:39:37,2026-07-02 16:45:23,2026-07-02 16:52:05,Build A Zoo,Item,VOLT GINKGO (CHANCE TO GET MUTATION JURA FOR BIG PET) | BUILD A ZOO,MZ Mart,800,1,704,96,False,False,5.766666666666667,2026-07
OD000000161960269,Dana dikembalikan,False,2026-07-02 13:01:09,2026-07-02 13:02:00,,,Build A Zoo,Pets,SLIME PEBBLE ($502.038/s) | BUILD A ZOO,GITZ EEK,3000,1,2640,360,False,False,,2026-07
OD000000161939716,Pesanan selesai,False,2026-07-02 06:22:23,2026-07-02 06:23:11,2026-07-02 07:15:43,2026-07-04 07:20:33,Build A Zoo,Item,MINT JELLY (CHANCE TO GET MUTATION SLIME FOR BIG PET) | BUILD A ZOO,Sam Shears,1000,30,26400,3600,False,False,52.53333333333333,2026-07
OD000000161939715,Pesanan selesai,False,2026-07-02 06:22:23,2026-07-02 06:23:10,2026-07-02 07:15:35,2026-07-04 07:20:33,Build A Zoo,Item,MACARON JELLY (SLIME SERIES BIG PET) | BUILD A ZOO,Sam Shears,1000,30,26400,3600,False,False,52.416666666666664,2026-07
OD000000161939714,Pesanan selesai,False,2026-07-02 06:22:23,2026-07-02 06:23:10,2026-07-02 07:15:17,2026-07-04 07:20:33,Build A Zoo,Pets,PET 1.7M/s (ELECTRIC TWINKLE) | BUILD A ZOO,Sam Shears,30000,1,26400,3600,False,False,52.11666666666667,2026-07
OD000000161939713,Pesanan selesai,False,2026-07-02 06:22:23,2026-07-02 06:23:11,2026-07-02 07:15:12,2026-07-04 07:20:33,Build A Zoo,Pets,EGG EVENT!!! - HALLOWEEN YETI EGG | BUILD A ZOO,Sam Shears,7000,5,30800,4200,False,False,52.016666666666666,2026-07
OD000000161939712,Pesanan selesai,False,2026-07-02 06:22:23,2026-07-02 06:23:11,2026-07-02 07:15:06,2026-07-04 07:20:33,Build A Zoo,Pets,EGG EVENT!!! - FIRE YETI EGG | BUILD A ZOO,Sam Shears,5000,10,44000,6000,False,False,51.916666666666664,2026-07
OD000000161939711,Pesanan selesai,False,2026-07-02 06:22:23,2026-07-02 06:23:11,2026-07-02 07:15:02,2026-07-04 07:20:32,Build A Zoo,Pets,EGG EVENT!!! - ELECTRIC YETI EGG | BUILD A ZOO,Sam Shears,5000,10,44000,6000,False,False,51.85,2026-07
OD000000161939710,Pesanan selesai,False,2026-07-02 06:22:23,2026-07-02 06:23:11,2026-07-02 07:14:35,2026-07-04 07:20:32,Build A Zoo,Pets,EGG EVENT!!! - JURA YETI EGG | BUILD A ZOO,Sam Shears,7000,10,61600,8400,False,False,51.4,2026-07
OD000000161939709,Pesanan selesai,False,2026-07-02 06:22:23,2026-07-02 06:23:11,2026-07-02 07:14:30,2026-07-04 07:20:32,Build A Zoo,Pets,EGG EVENT!!! - SNOW YETI EGG | BUILD A ZOO,Sam Shears,7000,10,61600,8400,False,False,51.31666666666667,2026-07
OD000000161939708,Pesanan selesai,False,2026-07-02 06:22:23,2026-07-02 06:23:10,2026-07-02 07:14:25,2026-07-04 07:20:31,Build A Zoo,Pets,JURA CAELUM ($557.808/s) | BUILD A ZOO,Sam Shears,220000,1,193600,26400,False,False,51.25,2026-07
OD000000161939707,Pesanan selesai,False,2026-07-02 06:22:23,2026-07-02 06:23:10,2026-07-02 07:14:20,2026-07-04 07:20:31,Build A Zoo,Pets,PET SUPER LIMITED!!! - SNOW DAIYA BEAST / TOOTHLESS ($481.729/s) | BUILD A ZOO,Sam Shears,850000,1,748000,102000,False,False,51.166666666666664,2026-07
OD000000161919801,Pesanan selesai,True,2026-07-01 21:05:39,2026-07-01 21:06:26,2026-07-01 21:26:32,2026-07-03 21:30:33,Build A Zoo,Pets,FLOPPY ($31.508/s) | BUILD A ZOO,Adinda Nur Rizka,7000,4,24640,3360,False,False,20.1,2026-07
OD000000161919800,Pesanan selesai,True,2026-07-01 21:05:39,2026-07-01 21:06:26,2026-07-01 21:26:38,2026-07-03 21:30:33,Build A Zoo,Pets,VALENTINES LESHEN ($459.264/s) | BUILD A ZOO,Adinda Nur Rizka,2000,2,3520,480,False,False,20.2,2026-07
OD000000161919799,Pesanan selesai,True,2026-07-01 21:05:39,2026-07-01 21:06:26,2026-07-01 21:26:45,2026-07-03 21:30:33,Build A Zoo,Pets,PET 500K/s (VALENTINES MUCY) | BUILD A ZOO,Adinda Nur Rizka,5000,2,8800,1200,False,False,20.316666666666666,2026-07
OD000000161919798,Pesanan selesai,True,2026-07-01 21:05:39,2026-07-01 21:06:26,2026-07-01 21:25:32,2026-07-03 21:30:33,Build A Zoo,Pets,VALENTINES PEBBLE ($446.256/s) | BUILD A ZOO,Adinda Nur Rizka,3000,2,5280,720,False,False,19.1,2026-07
OD000000161919797,Pesanan selesai,True,2026-07-01 21:05:39,2026-07-01 21:06:26,2026-07-01 21:25:42,2026-07-03 21:30:34,Build A Zoo,Pets,SLIME BELLA EGG | BUILD A ZOO,Adinda Nur Rizka,700,10,6160,840,False,False,19.266666666666666,2026-07
OD000000161913181,Pesanan selesai,False,2026-07-01 19:45:14,2026-07-01 19:46:16,2026-07-01 19:54:30,2026-07-01 19:56:04,Build A Zoo,Pets,PET 300K/s (JURA KRYNN) | BUILD A ZOO,mjzafeva51137,800,18,12672,1728,False,False,8.233333333333333,2026-07
OD000000161903219,Pesanan selesai,False,2026-07-01 17:20:23,2026-07-01 17:20:53,2026-07-01 17:40:13,2026-07-01 20:34:37,Build A Zoo,Pets,PET 400K/s (VALENTINES RUSTY) | BUILD A ZOO,Quartzto Pw,600,2,1056,144,False,False,19.333333333333332,2026-07
OD000000161903218,Pesanan selesai,False,2026-07-01 17:20:23,2026-07-01 17:20:53,2026-07-01 17:34:21,2026-07-01 20:34:50,Build A Zoo,Pets,PET 300K/s (JURA KRYNN) | BUILD A ZOO,Quartzto Pw,800,1,704,96,False,False,13.466666666666667,2026-07
OD000000161899706,Dana dikembalikan,False,2026-07-01 16:31:36,2026-07-01 16:31:58,,,Build A Zoo,Pets,SLIME AETHER ($430.380/s) | BUILD A ZOO,ahmad_devan_ Dewangga,2500,1,2200,300,False,False,,2026-07
OD000000161893817,Pesanan selesai,True,2026-07-01 15:12:08,2026-07-01 15:12:47,2026-07-01 15:32:23,2026-07-03 15:40:35,Build A Zoo,Item,ACORN (THANKSGIVING UNIQUE BIG PET) | BUILD A ZOO,Zoro,800,3,2112,288,False,False,19.6,2026-07
OD000000161893816,Pesanan selesai,True,2026-07-01 15:12:08,2026-07-01 15:12:48,2026-07-01 15:33:10,2026-07-03 15:40:35,Build A Zoo,Item,FRANKEN KIWI | BUILD A ZOO,Zoro,800,15,10560,1440,False,False,20.366666666666667,2026-07
OD000000161893815,Pesanan selesai,True,2026-07-01 15:12:08,2026-07-01 15:12:48,2026-07-01 15:33:23,2026-07-01 15:33:59,Build A Zoo,Pets,PET 500K/s (SLIME KRYSTAIN) | BUILD A ZOO,Zoro,1500,10,13200,1800,False,False,20.583333333333332,2026-07
OD000000161893814,Pesanan selesai,True,2026-07-01 15:12:08,2026-07-01 15:12:48,2026-07-01 15:33:29,2026-07-01 15:33:42,Build A Zoo,Pets,PET 500K/s (SLIME AURELIA) | BUILD A ZOO,Zoro,1500,2,2640,360,False,False,20.683333333333334,2026-07
OD000000161893813,Pesanan selesai,True,2026-07-01 15:12:08,2026-07-01 15:12:48,2026-07-01 15:34:03,2026-07-03 15:40:35,Build A Zoo,Item,VOLT GINKGO (CHANCE TO GET MUTATION JURA FOR BIG PET) | BUILD A ZOO,Zoro,800,5,3520,480,False,False,21.25,2026-07
OD000000161893812,Pesanan selesai,True,2026-07-01 15:12:08,2026-07-01 15:12:48,2026-07-01 15:34:38,2026-07-02 15:37:06,Build A Zoo,Pets,PET 500K/s (SLIME KRYNN) | BUILD A ZOO,Zoro,1500,16,21120,2880,False,False,21.833333333333332,2026-07
OD000000161892500,Pesanan selesai,False,2026-07-01 14:55:45,2026-07-01 14:56:11,2026-07-01 15:08:16,2026-07-01 18:55:14,Build A Zoo,Item,YOGURT ICE CREAM (CREAM MUTATION FOR BIG PET) | BUILD A ZOO,tedip037573893,800,6,4224,576,False,False,12.083333333333334,2026-07
OD000000161892159,Pesanan selesai,False,2026-07-01 14:51:16,2026-07-01 14:51:41,2026-07-01 15:08:10,2026-07-01 18:55:21,Build A Zoo,Pets,PET 300K/s (SNOW VEXEL) | BUILD A ZOO,tedip037573893,800,19,13376,1824,False,False,16.483333333333334,2026-07
OD000000161870863,Pesanan selesai,False,2026-07-01 09:39:31,2026-07-01 09:41:12,2026-07-01 21:30:51,2026-07-03 21:40:33,Build A Zoo,Pets,SNOW CELANDINE ($189.432/s) | BUILD A ZOO,dasyangelene,10000,1,8800,1200,False,False,709.65,2026-07
OD000000161870862,Pesanan selesai,False,2026-07-01 09:39:31,2026-07-01 09:41:12,2026-07-01 21:30:22,2026-07-03 21:30:32,Build A Zoo,Pets,VALENTINES JAY ($233.472/s) | BUILD A ZOO,dasyangelene,20000,1,17600,2400,False,False,709.1666666666666,2026-07
OD000000161870861,Dana dikembalikan,False,2026-07-01 09:39:31,2026-07-01 09:41:12,,,Build A Zoo,Pets,PET 500K/s (VALENTINES MUCY) | BUILD A ZOO,dasyangelene,5000,1,4400,600,False,False,,2026-07
OD000000161870860,Pesanan selesai,False,2026-07-01 09:39:31,2026-07-01 09:41:12,2026-07-01 21:30:17,2026-07-03 21:30:32,Build A Zoo,Pets,SLIME BELLA EGG | BUILD A ZOO,dasyangelene,700,30,18480,2520,False,False,709.0833333333334,2026-07
OD000000161864745,Pesanan selesai,False,2026-07-01 06:52:38,2026-07-01 06:53:00,2026-07-01 07:12:46,2026-07-01 07:16:13,Build A Zoo,Pets,CHRISTMAS LESHEN ($430.560/s) | BUILD A ZOO,tedip037573893,1000,4,3520,480,False,False,19.766666666666666,2026-07
OD000000161864744,Pesanan selesai,False,2026-07-01 06:52:38,2026-07-01 06:53:01,2026-07-01 07:12:41,2026-07-01 07:16:19,Build A Zoo,Pets,PET 400K/s (HALLOWEEN ELDAR) | BUILD A ZOO,tedip037573893,1000,13,11440,1560,False,False,19.666666666666668,2026-07
OD000000161864743,Pesanan selesai,False,2026-07-01 06:52:38,2026-07-01 06:53:00,2026-07-01 07:12:35,2026-07-01 07:16:25,Build A Zoo,Pets,PET 400K/s (HALLOWEEN KRYSTAIN) | BUILD A ZOO,tedip037573893,600,9,4752,648,False,False,19.583333333333332,2026-07
OD000000161864237,Pesanan selesai,False,2026-07-01 06:26:42,2026-07-01 06:27:03,2026-07-01 06:34:21,2026-07-01 07:16:31,Build A Zoo,Pets,PET 500K/s (SLIME KRYSTAIN) | BUILD A ZOO,tedip037573893,1500,10,13200,1800,False,False,7.3,2026-07
OD000000161863337,Pesanan selesai,False,2026-07-01 05:32:37,2026-07-01 05:33:10,2026-07-01 06:28:49,2026-07-03 06:50:35,Build A Zoo,Pets,PET 2M/s (SNOW SENTINEL) | BUILD A ZOO,Sam Shears,48000,1,42240,5760,False,False,55.65,2026-07
OD000000161863336,Pesanan selesai,False,2026-07-01 05:32:37,2026-07-01 05:33:08,2026-07-01 06:29:32,2026-07-03 06:50:34,Build A Zoo,Pets,PACKAGE PET 1M/s (3x SLIME SILAS) + BONUS | BUILD A ZOO,Sam Shears,45000,1,39600,5400,False,False,56.4,2026-07
OD000000161863335,Pesanan selesai,False,2026-07-01 05:32:37,2026-07-01 05:33:10,2026-07-01 06:27:30,2026-07-03 06:50:33,Build A Zoo,Pets,PET 1.9M/s (SLIME SILAS) | BUILD A ZOO,Sam Shears,42000,1,36960,5040,False,False,54.333333333333336,2026-07
OD000000161863334,Pesanan selesai,False,2026-07-01 05:32:37,2026-07-01 05:33:08,2026-07-01 06:26:49,2026-07-03 06:50:34,Build A Zoo,Pets,PET 2M/s (SLIME SILAS) | BUILD A ZOO,Sam Shears,55000,1,48400,6600,False,False,53.68333333333333,2026-07
OD000000161863333,Pesanan selesai,False,2026-07-01 05:32:37,2026-07-01 05:33:09,2026-07-01 06:26:37,2026-07-03 06:50:34,Build A Zoo,Pets,EGG EVENT!!! - HALLOWEEN YETI EGG | BUILD A ZOO,Sam Shears,7000,2,12320,1680,False,False,53.46666666666667,2026-07
OD000000161863332,Pesanan selesai,False,2026-07-01 05:32:37,2026-07-01 05:33:08,2026-07-01 06:26:20,2026-07-03 06:50:33,Build A Zoo,Pets,EGG EVENT!!! - SNOW YETI EGG | BUILD A ZOO,Sam Shears,7000,10,61600,8400,False,False,53.2,2026-07
OD000000161863331,Pesanan selesai,False,2026-07-01 05:32:37,2026-07-01 05:33:09,2026-07-01 06:25:24,2026-07-03 06:50:34,Build A Zoo,Pets,EGG EVENT!!! - JURA YETI EGG | BUILD A ZOO,Sam Shears,7000,10,61600,8400,False,False,52.25,2026-07
OD000000161863330,Pesanan selesai,False,2026-07-01 05:32:37,2026-07-01 05:33:09,2026-07-01 06:25:30,2026-07-03 06:50:33,Build A Zoo,Pets,EGG EVENT!!! - FIRE YETI EGG | BUILD A ZOO,Sam Shears,5000,5,22000,3000,False,False,52.35,2026-07
OD000000161863329,Pesanan selesai,False,2026-07-01 05:32:37,2026-07-01 05:33:07,2026-07-01 06:25:16,2026-07-03 06:50:34,Build A Zoo,Pets,EGG EVENT!!! - ELECTRIC YETI EGG | BUILD A ZOO,Sam Shears,5000,5,22000,3000,False,False,52.15,2026-07
OD000000161863328,Pesanan selesai,False,2026-07-01 05:32:37,2026-07-01 05:33:08,2026-07-01 06:23:37,2026-07-03 06:50:34,Build A Zoo,Pets,PET EVENT!!! - CREAM RAGNIR ($488.869/s) | BUILD A ZOO,Sam Shears,35000,1,30800,4200,False,False,50.483333333333334,2026-07
OD000000161860642,Pesanan selesai,False,2026-07-01 01:51:34,2026-07-01 01:51:54,2026-07-01 06:23:28,2026-07-03 06:50:33,Build A Zoo,Pets,SLIME PEBBLE ($502.038/s) | BUILD A ZOO,tedip037573893,3000,1,2640,360,False,False,271.56666666666666,2026-07
OD000000161860299,Pesanan selesai,False,2026-07-01 01:34:13,2026-07-01 01:34:33,2026-07-01 06:22:25,2026-07-03 06:50:33,Build A Zoo,Pets,CREAM PEBBLE ($474.147/s) | BUILD A ZOO,tedip037573893,3000,1,2640,360,False,False,287.8666666666667,2026-07
OD000000161860259,Dana dikembalikan,False,2026-07-01 01:32:28,2026-07-01 01:33:24,,,Build A Zoo,Pets,PET 400K/s (HALLOWEEN KRYSTAIN) | BUILD A ZOO,Rahmah Dani,600,8,4224,576,False,False,,2026-07
OD000000161859200,Pesanan selesai,False,2026-07-01 00:51:27,2026-07-01 00:52:47,2026-07-01 08:15:24,2026-07-03 08:20:31,Build A Zoo,Pets,PET 400K/s (HALLOWEEN KRYSTAIN) | BUILD A ZOO,Arsyad Abdul,600,4,2112,288,False,False,442.6166666666667,2026-07
OD000000161849086,Pesanan selesai,False,2026-06-30 21:22:53,2026-06-30 21:23:09,2026-06-30 21:58:09,2026-07-02 22:00:36,Build A Zoo,Item,VOLT GINKGO (CHANCE TO GET MUTATION JURA FOR BIG PET) | BUILD A ZOO,Gibran,800,1,704,96,False,False,35.0,2026-06
OD000000161849085,Pesanan selesai,False,2026-06-30 21:22:53,2026-06-30 21:23:09,2026-06-30 21:58:15,2026-07-02 22:00:38,Build A Zoo,Item,YOGURT ICE CREAM (CREAM MUTATION FOR BIG PET) | BUILD A ZOO,Gibran,800,1,704,96,False,False,35.1,2026-06
OD000000161841159,Pesanan selesai,False,2026-06-30 19:44:00,2026-06-30 19:45:22,2026-06-30 20:28:24,2026-07-02 20:30:32,Build A Zoo,Pets,PET 500K/s (SLIME VEXEL) | BUILD A ZOO,Paragon Opbr,1500,8,10560,1440,False,False,43.03333333333333,2026-06
OD000000161841158,Pesanan selesai,False,2026-06-30 19:44:00,2026-06-30 19:45:22,2026-06-30 20:28:19,2026-07-02 20:30:31,Build A Zoo,Pets,PET 500K/s (SLIME KRYSTAIN) | BUILD A ZOO,Paragon Opbr,1500,7,9240,1260,False,False,42.95,2026-06
OD000000161841157,Pesanan selesai,False,2026-06-30 19:44:00,2026-06-30 19:45:22,2026-06-30 20:28:13,2026-07-02 20:30:32,Build A Zoo,Item,FRANKEN KIWI | BUILD A ZOO,Paragon Opbr,800,9,6336,864,False,False,42.85,2026-06
OD000000161841057,Pesanan selesai,False,2026-06-30 19:43:00,2026-06-30 19:43:20,2026-06-30 20:20:42,2026-06-30 21:23:33,Build A Zoo,Pets,PET 500K/s (SLIME KRYSTAIN) | BUILD A ZOO,Gibran,1500,1,1320,180,False,False,37.36666666666667,2026-06
OD000000161841056,Pesanan selesai,False,2026-06-30 19:43:00,2026-06-30 19:43:20,2026-06-30 20:20:54,2026-06-30 21:23:38,Build A Zoo,Pets,PET 500K/s (SLIME VEXEL) | BUILD A ZOO,Gibran,1500,1,1320,180,False,False,37.56666666666667,2026-06
OD000000161835907,Pesanan selesai,False,2026-06-30 18:40:31,2026-06-30 18:41:09,2026-06-30 18:53:15,2026-07-02 19:10:32,Build A Zoo,Item,CHERRY (VALENTINES MUTATION) | BUILD A ZOO,dania afrina,800,14,9856,1344,False,False,12.1,2026-06
OD000000161833897,Pesanan selesai,False,2026-06-30 18:14:40,2026-06-30 18:16:57,2026-07-01 18:48:18,2026-07-01 18:54:21,Build A Zoo,Item,MACARON JELLY (SLIME SERIES BIG PET) | BUILD A ZOO,mjzafeva51137,1000,10,8800,1200,False,False,1471.35,2026-06
OD000000161833236,Pesanan selesai,False,2026-06-30 18:06:23,2026-06-30 18:07:16,2026-06-30 18:19:02,2026-07-02 18:30:47,Build A Zoo,Pets,PET 800K/s (SLIME UNIT-07) | BUILD A ZOO,Muhd nur zikry Bin Baharrudin,3000,1,2640,360,False,False,11.766666666666667,2026-06
OD000000161833235,Pesanan selesai,False,2026-06-30 18:06:23,2026-06-30 18:07:15,2026-06-30 18:19:09,2026-07-02 18:30:49,Build A Zoo,Pets,PET 800K/s (SLIME SILAS) | BUILD A ZOO,Muhd nur zikry Bin Baharrudin,3000,1,2640,360,False,False,11.9,2026-06
OD000000161832736,Pesanan selesai,False,2026-06-30 17:59:20,2026-06-30 18:00:17,2026-06-30 18:27:23,2026-06-30 19:32:38,Build A Zoo,Pets,PET SUPER LIMITED - CREAM SERAPHINA ($577.252/s) | BUILD A ZOO,Dion Matzkanin,400000,1,352000,48000,False,False,27.1,2026-06
OD000000161823287,Pesanan selesai,False,2026-06-30 15:16:48,2026-06-30 15:17:05,2026-06-30 18:14:56,2026-06-30 20:15:34,Build A Zoo,Pets,CHRISTMAS LESHEN ($430.560/s) | BUILD A ZOO,Quartzto Pw,1000,1,880,120,False,False,177.85,2026-06
OD000000161823286,Pesanan selesai,False,2026-06-30 15:16:48,2026-06-30 15:17:05,2026-06-30 18:11:12,2026-06-30 20:15:40,Build A Zoo,Pets,JURA LESHEN ($344.448/s) | BUILD A ZOO,Quartzto Pw,1000,1,880,120,False,False,174.11666666666667,2026-06
OD000000161823285,Pesanan selesai,False,2026-06-30 15:16:48,2026-06-30 15:17:05,2026-06-30 18:14:44,2026-06-30 20:15:45,Build A Zoo,Pets,PET 500K/s (SLIME VEXEL) | BUILD A ZOO,Quartzto Pw,1500,1,1320,180,False,False,177.65,2026-06
OD000000161822176,Pesanan selesai,False,2026-06-30 15:00:48,2026-06-30 15:02:42,2026-06-30 18:06:11,2026-07-02 18:30:35,Build A Zoo,Item,YOGURT ICE CREAM (CREAM MUTATION FOR BIG PET) | BUILD A ZOO,Paragon Opbr,800,2,1408,192,False,False,183.48333333333332,2026-06
OD000000161822175,Pesanan selesai,False,2026-06-30 15:00:48,2026-06-30 15:02:42,2026-06-30 18:06:06,2026-07-02 18:30:32,Build A Zoo,Pets,PET 500K/s (SLIME VEXEL) | BUILD A ZOO,Paragon Opbr,1500,5,6600,900,False,False,183.4,2026-06
OD000000161822174,Pesanan selesai,False,2026-06-30 15:00:48,2026-06-30 15:02:42,2026-06-30 18:06:00,2026-07-02 18:30:35,Build A Zoo,Pets,PET 1M/s (THANKSGIVING LESHEN) | BUILD A ZOO,Paragon Opbr,12000,1,10560,1440,False,False,183.3,2026-06
OD000000161822173,Pesanan selesai,False,2026-06-30 15:00:48,2026-06-30 15:02:42,2026-06-30 18:05:15,2026-07-02 18:30:34,Build A Zoo,Pets,PET 400K/s (HALLOWEEN KRYSTAIN) | BUILD A ZOO,Paragon Opbr,600,5,2640,360,False,False,182.55,2026-06
OD000000161822172,Pesanan selesai,False,2026-06-30 15:00:48,2026-06-30 15:02:42,2026-06-30 18:04:39,2026-07-02 18:30:35,Build A Zoo,Pets,SLIME PEBBLE ($502.038/s) | BUILD A ZOO,Paragon Opbr,3000,2,5280,720,False,False,181.95,2026-06
OD000000161812176,Pesanan selesai,False,2026-06-30 12:38:38,2026-06-30 12:40:13,2026-06-30 19:25:20,2026-07-02 19:40:53,Build A Zoo,Pets,SLIME PEBBLE ($502.038/s) | BUILD A ZOO,Rachel Bitoon,3000,3,7920,1080,False,False,405.1166666666667,2026-06
OD000000161811495,Pesanan selesai,False,2026-06-30 12:28:07,2026-06-30 12:29:30,2026-06-30 12:33:06,2026-06-30 12:34:58,Build A Zoo,Pets,PET 300K/s (SNOW VEXEL) | BUILD A ZOO,Quartzto Pw,800,1,704,96,False,False,3.6,2026-06
OD000000161811494,Pesanan selesai,False,2026-06-30 12:28:07,2026-06-30 12:29:30,2026-06-30 12:33:02,2026-06-30 12:35:04,Build A Zoo,Pets,PET 300K/s (JURA KRYNN) | BUILD A ZOO,Quartzto Pw,800,1,704,96,False,False,3.533333333333333,2026-06
OD000000161796343,Pesanan selesai,False,2026-06-30 07:45:42,2026-06-30 07:46:17,2026-06-30 07:51:57,2026-07-02 08:10:35,Build A Zoo,Pets,VALENTINES LAPISAR ($673.176/s) | BUILD A ZOO,Vex Vex,55000,1,48400,6600,False,False,5.666666666666667,2026-06
OD000000161793953,Pesanan selesai,False,2026-06-30 05:59:35,2026-06-30 06:00:19,2026-06-30 06:04:54,2026-07-02 06:10:34,Build A Zoo,Pets,PET LIMITED!!! - JURA SPINOSAURUS ($268.348/s) | BUILD A ZOO,Vex Vex,70000,1,61600,8400,False,False,4.583333333333333,2026-06
OD000000161787829,Pesanan selesai,False,2026-06-29 23:46:47,2026-06-29 23:47:25,2026-06-30 06:09:06,2026-07-02 06:10:35,Build A Zoo,Pets,SNOW AETHER ($286.920/s) | BUILD A ZOO,Rex Lzu nusa,1000,1,880,120,False,False,381.68333333333334,2026-06
OD000000161787579,Pesanan selesai,False,2026-06-29 23:40:39,2026-06-29 23:45:14,2026-06-30 06:08:54,2026-07-02 06:10:34,Build A Zoo,Pets,SNOW BOW TIE EGG | BUILD A ZOO,Rex Lzu nusa,500,1,440,60,False,False,383.6666666666667,2026-06
OD000000161786027,Pesanan selesai,False,2026-06-29 23:05:30,2026-06-29 23:06:13,2026-06-30 06:05:02,2026-07-02 06:10:35,Build A Zoo,Pets,PET LIMITED PRISMATIC!!! - VEX ($157.652/s) | BUILD A ZOO,Vex Vex,80000,1,70400,9600,False,False,418.81666666666666,2026-06
OD000000161778908,Pesanan selesai,False,2026-06-29 21:05:08,2026-06-29 21:05:20,2026-06-30 07:14:25,2026-06-30 07:15:22,Build A Zoo,Pets,PET 400K/s (VALENTINES RUSTY) | BUILD A ZOO,Quartzto Pw,600,1,528,72,False,False,609.0833333333334,2026-06
OD000000161778685,Pesanan selesai,False,2026-06-29 21:01:42,2026-06-29 21:02:14,2026-06-30 07:14:20,2026-06-30 07:15:28,Build A Zoo,Pets,PET 400K/s (HALLOWEEN KRYSTAIN) | BUILD A ZOO,Quartzto Pw,600,1,528,72,False,False,612.1,2026-06
OD000000161747248,Pesanan selesai,True,2026-06-29 13:32:56,2026-06-29 13:33:11,2026-06-29 13:49:21,2026-07-01 14:00:37,Build A Zoo,Item,MACARON JELLY (SLIME SERIES BIG PET) | BUILD A ZOO,milka,1000,10,8800,1200,False,False,16.166666666666668,2026-06
OD000000161747247,Pesanan selesai,True,2026-06-29 13:32:56,2026-06-29 13:33:11,2026-06-29 13:49:17,2026-07-01 14:00:39,Build A Zoo,Item,CHERRY (VALENTINES MUTATION) | BUILD A ZOO,milka,800,10,7040,960,False,False,16.1,2026-06
OD000000161739443,Pesanan selesai,False,2026-06-29 11:35:53,2026-06-29 11:36:06,2026-06-29 11:39:39,2026-06-29 18:10:05,Build A Zoo,Pets,CHRISTMAS LESHEN ($430.560/s) | BUILD A ZOO,RaziAlfurqan,1000,1,880,120,False,False,3.55,2026-06
OD000000161739353,Pesanan selesai,False,2026-06-29 11:34:29,2026-06-29 11:34:47,2026-06-29 11:39:33,2026-06-29 18:10:11,Build A Zoo,Pets,VALENTINES ELDAR ($500.752/s) | BUILD A ZOO,RaziAlfurqan,1500,1,1320,180,False,False,4.766666666666667,2026-06
OD000000161737316,Pesanan selesai,False,2026-06-29 11:04:06,2026-06-29 11:04:23,2026-06-29 11:08:19,2026-06-29 11:33:40,Build A Zoo,Pets,PET 500K/s (SLIME KRYSTAIN) | BUILD A ZOO,RaziAlfurqan,1500,1,1320,180,False,False,3.933333333333333,2026-06
OD000000161737062,Pesanan selesai,False,2026-06-29 10:59:45,2026-06-29 11:00:17,2026-06-29 11:08:13,2026-06-29 11:33:35,Build A Zoo,Pets,PET 4M/s (ELITE CREAM DYNAM) | BUILD A ZOO,RaziAlfurqan,12000,1,10560,1440,False,False,7.933333333333334,2026-06
OD000000161730351,Pesanan selesai,False,2026-06-29 08:59:08,2026-06-29 08:59:49,2026-06-29 09:04:38,2026-06-29 10:45:32,Build A Zoo,Pets,FLOPPY ($31.508/s) | BUILD A ZOO,al fattah,7000,1,6160,840,False,False,4.816666666666666,2026-06
OD000000161718795,Pesanan selesai,False,2026-06-28 23:35:59,2026-06-28 23:36:15,2026-06-29 10:46:23,2026-06-29 10:56:30,Build A Zoo,Item,DURIAN (SNOW MUTATIONS  FOR BIG PET) | BUILD A ZOO,RaziAlfurqan,800,1,704,96,False,False,670.1333333333333,2026-06
OD000000161718693,Pesanan selesai,False,2026-06-28 23:34:00,2026-06-28 23:34:17,2026-06-29 10:46:09,2026-06-29 10:56:41,Build A Zoo,Pets,PET 600K/s (VALENTINES VEXEL) | BUILD A ZOO,RaziAlfurqan,2000,1,1760,240,False,False,671.8666666666667,2026-06
OD000000161718540,Pesanan selesai,False,2026-06-28 23:30:21,2026-06-28 23:31:00,2026-06-29 10:46:02,2026-06-29 10:56:47,Build A Zoo,Pets,PET 500K/s (SLIME VEXEL) | BUILD A ZOO,RaziAlfurqan,1500,1,1320,180,False,False,675.0333333333333,2026-06
OD000000161718132,Pesanan selesai,False,2026-06-28 23:20:14,2026-06-28 23:20:41,2026-06-29 10:45:56,2026-06-29 10:56:54,Build A Zoo,Item,GINGERBREAD (FOR UNLOCK UNIQUE BIG PET) | BUILD A ZOO,RaziAlfurqan,800,1,704,96,False,False,685.25,2026-06
OD000000161709641,Pesanan selesai,False,2026-06-28 20:54:24,2026-06-28 20:55:24,2026-06-28 21:46:07,2026-06-30 21:50:36,Build A Zoo,Pets,PET 400K/s (HALLOWEEN ELDAR) | BUILD A ZOO,Zxy nn,1000,3,2640,360,False,False,50.71666666666667,2026-06
OD000000161699632,Pesanan selesai,False,2026-06-28 18:52:50,2026-06-28 18:53:25,2026-06-28 19:23:22,2026-06-30 19:40:36,Build A Zoo,Pets,CREAM ELDAR ($532.049/s) | BUILD A ZOO,Adinda Nur Rizka,1500,2,2640,360,False,False,29.95,2026-06
OD000000161699631,Pesanan selesai,False,2026-06-28 18:52:50,2026-06-28 18:53:25,2026-06-28 19:23:13,2026-06-30 19:40:38,Build A Zoo,Pets,CHRISTMAS KRYSTAIN ($464.115/s) | BUILD A ZOO,Adinda Nur Rizka,2000,4,7040,960,False,False,29.8,2026-06
OD000000161699630,Pesanan selesai,False,2026-06-28 18:52:50,2026-06-28 18:53:25,2026-06-28 19:23:09,2026-06-30 19:40:38,Build A Zoo,Pets,CHRISTMAS PEBBLE ($418.365/s) | BUILD A ZOO,Adinda Nur Rizka,3000,1,2640,360,False,False,29.733333333333334,2026-06
OD000000161699629,Pesanan selesai,False,2026-06-28 18:52:50,2026-06-28 18:53:25,2026-06-28 19:22:46,2026-06-30 19:40:37,Build A Zoo,Pets,SLIME BELLA EGG | BUILD A ZOO,Adinda Nur Rizka,800,10,7040,960,False,False,29.35,2026-06
OD000000161699628,Pesanan selesai,False,2026-06-28 18:52:50,2026-06-28 18:53:25,2026-06-28 19:22:39,2026-06-30 19:40:37,Build A Zoo,Pets,PET 500K/s (VALENTINES MUCY) | BUILD A ZOO,Adinda Nur Rizka,5000,2,8800,1200,False,False,29.233333333333334,2026-06
OD000000161692921,Pesanan selesai,False,2026-06-28 17:18:28,2026-06-28 17:20:21,2026-06-28 17:31:10,2026-06-30 17:40:34,Build A Zoo,Item,GINGERBREAD (FOR UNLOCK UNIQUE BIG PET) | BUILD A ZOO,gavrilatok274028,800,4,2816,384,False,False,10.816666666666666,2026-06
OD000000161691937,Pesanan selesai,False,2026-06-28 17:03:59,2026-06-28 17:04:35,2026-06-28 17:07:30,2026-06-30 17:20:41,Build A Zoo,Pets,PET 1M/s (SLIME ELDAR) | BUILD A ZOO,gavrilatok274028,8000,1,7040,960,False,False,2.9166666666666665,2026-06
OD000000161690878,Pesanan selesai,False,2026-06-28 16:47:54,2026-06-28 16:48:25,2026-06-28 17:40:35,2026-06-30 17:50:35,Build A Zoo,Pets,VALENTINES ELDAR ($500.752/s) | BUILD A ZOO,faiz,1500,1,1320,180,False,False,52.166666666666664,2026-06
OD000000161690680,Pesanan selesai,False,2026-06-28 16:45:31,2026-06-28 16:46:13,2026-06-28 16:52:52,2026-06-28 16:53:27,Build A Zoo,Pets,SLIME PEBBLE ($502.038/s) | BUILD A ZOO,Zakki Walker,3000,1,2640,360,False,False,6.65,2026-06
OD000000161688904,Pesanan selesai,False,2026-06-28 16:20:59,2026-06-28 16:21:34,2026-06-28 17:04:36,2026-06-30 17:20:37,Build A Zoo,Pets,PET 400K/s (HALLOWEEN ELDAR) | BUILD A ZOO,Fasihh Fasih,1000,2,1760,240,False,False,43.03333333333333,2026-06
OD000000161687553,Pesanan selesai,False,2026-06-28 16:01:50,2026-06-28 16:02:38,2026-06-28 17:04:43,2026-06-28 17:31:28,Build A Zoo,Pets,CHRISTMAS AETHER ($358.650/s) | BUILD A ZOO,Fasihh Fasih,1500,1,1320,180,False,False,62.083333333333336,2026-06
OD000000161678688,Pesanan selesai,False,2026-06-28 13:48:06,2026-06-28 13:48:23,2026-06-28 13:54:42,2026-06-30 14:10:36,Build A Zoo,Item,DEEPSEA PEARL | BUILD A ZOO,Fardin Craft,800,3,2112,288,False,False,6.316666666666666,2026-06
OD000000161678687,Pesanan selesai,False,2026-06-28 13:48:06,2026-06-28 13:48:23,2026-06-28 13:54:38,2026-06-30 14:10:37,Build A Zoo,Item,GINGERBREAD (FOR UNLOCK UNIQUE BIG PET) | BUILD A ZOO,Fardin Craft,800,5,3520,480,False,False,6.25,2026-06
OD000000161678686,Pesanan selesai,False,2026-06-28 13:48:06,2026-06-28 13:48:23,2026-06-28 13:54:34,2026-06-30 14:10:36,Build A Zoo,Item,CHERRY (VALENTINES MUTATION) | BUILD A ZOO,Fardin Craft,800,3,2112,288,False,False,6.183333333333334,2026-06
OD000000161678685,Pesanan selesai,False,2026-06-28 13:48:06,2026-06-28 13:48:23,2026-06-28 13:54:30,2026-06-30 14:10:36,Build A Zoo,Item,CRANBERRY (THANKSGIVING MUTATION) | BUILD A ZOO,Fardin Craft,800,2,1408,192,False,False,6.116666666666666,2026-06
OD000000161678684,Pesanan selesai,False,2026-06-28 13:48:06,2026-06-28 13:48:23,2026-06-28 13:54:25,2026-06-30 14:10:34,Build A Zoo,Item,PUMPKIN FRUIT (HALLOWEEN MUTATION) + BONUS,Fardin Craft,800,2,1408,192,False,False,6.033333333333333,2026-06
OD000000161666666,Pesanan selesai,False,2026-06-28 10:45:18,2026-06-28 10:46:24,2026-06-28 13:46:15,2026-06-30 13:50:33,Build A Zoo,Pets,CHRISTMAS KRYSTAIN ($464.115/s) | BUILD A ZOO,jib - rius,2000,1,1760,240,False,False,179.85,2026-06
OD000000161661253,Dana dikembalikan,False,2026-06-28 09:10:35,2026-06-28 09:10:51,,,Build A Zoo,Pets,PET 400K/s (HALLOWEEN ELDAR) | BUILD A ZOO,danendra alif,700,1,616,84,False,False,,2026-06
OD000000161659186,Pesanan selesai,False,2026-06-28 08:20:55,2026-06-28 08:21:41,2026-06-28 08:33:35,2026-06-30 08:40:33,Build A Zoo,Pets,SERAPHINE / KITSUNE ($30.541/s) | BUILD A ZOO,Fardin Craft,12000,1,10560,1440,False,False,11.9,2026-06
OD000000161659053,Pesanan selesai,False,2026-06-28 08:17:28,2026-06-28 08:18:01,2026-06-28 08:33:31,2026-06-30 08:40:32,Build A Zoo,Item,YOGURT ICE CREAM (CREAM MUTATION FOR BIG PET) | BUILD A ZOO,Fardin Craft,800,5,3520,480,False,False,15.5,2026-06
OD000000161659052,Pesanan selesai,False,2026-06-28 08:17:28,2026-06-28 08:18:01,2026-06-28 08:33:26,2026-06-30 08:40:33,Build A Zoo,Item,DURIAN (SNOW MUTATIONS  FOR BIG PET) | BUILD A ZOO,Fardin Craft,800,5,3520,480,False,False,15.416666666666666,2026-06
OD000000161659051,Pesanan selesai,False,2026-06-28 08:17:28,2026-06-28 08:18:01,2026-06-28 08:33:01,2026-06-30 08:40:33,Build A Zoo,Item,FRANKEN KIWI | BUILD A ZOO,Fardin Craft,800,5,3520,480,False,False,15.0,2026-06
OD000000161659050,Pesanan selesai,False,2026-06-28 08:17:28,2026-06-28 08:18:01,2026-06-28 08:32:57,2026-06-30 08:40:33,Build A Zoo,Item,CANDY CORN (HALLOWEEN SERIES BIG PET) | BUILD A ZOO,Fardin Craft,800,5,3520,480,False,False,14.933333333333334,2026-06
OD000000161659049,Pesanan selesai,False,2026-06-28 08:17:28,2026-06-28 08:18:01,2026-06-28 08:32:36,2026-06-30 08:40:33,Build A Zoo,Item,ACORN (THANKSGIVING UNIQUE BIG PET) | BUILD A ZOO,Fardin Craft,800,5,3520,480,False,False,14.583333333333334,2026-06
OD000000161655557,Pesanan selesai,False,2026-06-28 05:53:47,2026-06-28 05:54:02,2026-06-28 05:57:54,2026-06-28 08:15:47,Build A Zoo,Pets,PET 400K/s (HALLOWEEN ELDAR) | BUILD A ZOO,Rinnn Wok,700,4,2464,336,False,False,3.8666666666666667,2026-06
OD000000161633392,Pesanan selesai,False,2026-06-27 19:42:49,2026-06-27 19:43:13,2026-06-27 19:51:40,2026-06-29 20:00:42,Build A Zoo,Pets,PET 500K/s (SLIME VEXEL) | BUILD A ZOO,VallYourminee,800,4,2816,384,False,False,8.45,2026-06
OD000000161630300,Pesanan selesai,False,2026-06-27 18:58:56,2026-06-27 18:59:01,2026-06-27 20:34:53,2026-06-29 20:40:33,Build A Zoo,Pets,SLIME CHOMP ($595.764/s) | BUILD A ZOO,gavrilatok274028,800,5,3520,480,False,False,95.86666666666666,2026-06
OD000000161627607,Pesanan selesai,False,2026-06-27 18:20:52,2026-06-27 18:20:56,2026-06-27 18:28:53,2026-06-29 18:30:44,Build A Zoo,Pets,SLIME CHOMP ($595.764/s) | BUILD A ZOO,gavrilatok274028,800,2,1408,192,False,False,7.95,2026-06
OD000000161625672,Pesanan selesai,False,2026-06-27 17:52:05,2026-06-27 17:52:07,2026-06-27 18:03:32,2026-06-29 18:10:35,Build A Zoo,Pets,CHRISTMAS AETHER ($358.650/s) | BUILD A ZOO,gavrilatok274028,1500,2,2640,360,False,False,11.416666666666666,2026-06
OD000000161616522,Pesanan selesai,False,2026-06-27 15:31:33,2026-06-27 15:33:13,2026-06-27 15:40:12,2026-06-27 15:46:19,Build A Zoo,Pets,SLIME BELLA EGG | BUILD A ZOO,Hhahhahha,800,31,21824,2976,False,False,6.983333333333333,2026-06
OD000000161607623,Pesanan selesai,False,2026-06-27 13:22:42,2026-06-27 13:23:07,2026-06-27 15:46:23,2026-06-29 15:50:37,Build A Zoo,Pets,PET 500K/s (VALENTINES MUCY) | BUILD A ZOO,Fardin Craft,5000,1,4400,600,False,False,143.26666666666668,2026-06
OD000000161607622,Pesanan selesai,False,2026-06-27 13:22:42,2026-06-27 13:23:07,2026-06-27 15:46:19,2026-06-29 15:50:36,Build A Zoo,Pets,EGG OCEAN (ELECTRIC SEAHORSE EGG) | BUILD A ZOO,Fardin Craft,800,3,2112,288,False,False,143.2,2026-06
OD000000161607621,Pesanan selesai,False,2026-06-27 13:22:42,2026-06-27 13:23:07,2026-06-27 15:46:09,2026-06-29 15:50:35,Build A Zoo,Item,CRANBERRY (THANKSGIVING MUTATION) | BUILD A ZOO,Fardin Craft,900,5,3960,540,False,False,143.03333333333333,2026-06
OD000000161607620,Pesanan selesai,False,2026-06-27 13:22:42,2026-06-27 13:23:07,2026-06-27 15:46:00,2026-06-29 15:50:36,Build A Zoo,Pets,EGG OCEAN (FIRE SEAHORSE EGG) | BUILD A ZOO,Fardin Craft,800,2,1408,192,False,False,142.88333333333333,2026-06
OD000000161607619,Pesanan selesai,False,2026-06-27 13:22:42,2026-06-27 13:23:07,2026-06-27 15:45:55,2026-06-29 15:50:37,Build A Zoo,Pets,SNOW BOW TIE EGG | BUILD A ZOO,Fardin Craft,500,3,1320,180,False,False,142.8,2026-06
OD000000161590285,Pesanan selesai,False,2026-06-27 08:25:45,2026-06-27 08:25:50,2026-06-27 08:33:41,2026-06-27 08:52:55,Build A Zoo,Pets,SLIME CHOMP ($595.764/s) | BUILD A ZOO,Rinnn Wok,800,4,2816,384,False,False,7.85,2026-06
OD000000161589870,Pesanan selesai,False,2026-06-27 08:14:34,2026-06-27 08:14:47,2026-06-27 08:19:55,2026-06-29 08:40:34,Build A Zoo,Pets,FIRE PEBBLE ($278.910/s) | BUILD A ZOO,Fardin Craft,3000,1,2640,360,False,False,5.133333333333334,2026-06
OD000000161589869,Pesanan selesai,False,2026-06-27 08:14:34,2026-06-27 08:14:47,2026-06-27 08:19:49,2026-06-29 08:40:33,Build A Zoo,Pets,SNOW BOW TIE EGG | BUILD A ZOO,Fardin Craft,500,4,1760,240,False,False,5.033333333333333,2026-06
OD000000161589868,Pesanan selesai,False,2026-06-27 08:14:34,2026-06-27 08:14:47,2026-06-27 08:20:52,2026-06-29 08:40:35,Build A Zoo,Pets,SLIME DRAGON EGG (NORMAL) | BUILD A ZOO,Fardin Craft,1000,5,4400,600,False,False,6.083333333333333,2026-06
OD000000161589646,Pesanan selesai,False,2026-06-27 08:07:58,2026-06-27 08:08:00,2026-06-27 08:10:52,2026-06-27 08:23:22,Build A Zoo,Pets,PET 800K/s (CHRISTMAS RIFFCROW) | BUILD A ZOO,Rinnn Wok,3000,1,2640,360,False,False,2.8666666666666667,2026-06
OD000000161589262,Pesanan selesai,False,2026-06-27 07:55:13,2026-06-27 07:55:13,2026-06-27 07:57:37,2026-06-27 08:00:50,Build A Zoo,Pets,PET 500K/s (SLIME SILAS) | BUILD A ZOO,Rinnn Wok,800,3,2112,288,False,False,2.4,2026-06
OD000000161588766,Pesanan selesai,False,2026-06-27 07:38:51,2026-06-27 07:39:41,2026-06-27 08:08:17,2026-06-29 08:11:28,Build A Zoo,Pets,NIMBUS / GARY ($70.496/s) | BUILD A ZOO,Vex Vex,55000,1,48400,6600,False,False,28.6,2026-06
OD000000161588535,Dana dikembalikan,True,2026-06-27 07:29:39,2026-06-27 07:30:12,,,Build A Zoo,Pets,PET 500K/s (SLIME VEXEL) | BUILD A ZOO,Rinnn Wok,800,4,2816,384,False,False,,2026-06
OD000000161587916,Pesanan selesai,False,2026-06-27 06:58:33,2026-06-27 06:58:44,2026-06-27 07:46:34,2026-06-29 07:50:32,Build A Zoo,Pets,CHRISTMAS PEBBLE ($418.365/s) | BUILD A ZOO,Fardin Craft,5000,1,4400,600,False,False,47.833333333333336,2026-06
OD000000161587915,Pesanan selesai,False,2026-06-27 06:58:33,2026-06-27 06:58:44,2026-06-27 07:46:48,2026-06-29 07:50:32,Build A Zoo,Item,GINGERBREAD (FOR UNLOCK UNIQUE BIG PET) | BUILD A ZOO,Fardin Craft,800,5,3520,480,False,False,48.06666666666667,2026-06
OD000000161587914,Pesanan selesai,False,2026-06-27 06:58:33,2026-06-27 06:58:44,2026-06-27 07:46:44,2026-06-29 07:50:32,Build A Zoo,Item,VOLT GINKGO (CHANCE TO GET MUTATION JURA FOR BIG PET) | BUILD A ZOO,Fardin Craft,800,5,3520,480,False,False,48.0,2026-06
OD000000161587321,Pesanan selesai,True,2026-06-27 06:27:24,2026-06-27 06:28:34,2026-06-27 06:32:34,2026-06-27 06:37:54,Build A Zoo,Pets,PET 400K/s (CHRISTMAS SILAS) | BUILD A ZOO,Rinnn Wok,800,8,5632,768,False,False,4.0,2026-06
OD000000161586974,Pesanan selesai,False,2026-06-27 06:05:32,2026-06-27 06:06:40,2026-06-27 06:20:47,2026-06-27 06:23:56,Build A Zoo,Pets,HRED / ZORO ($32.176/s) | BUILD A ZOO,Rinnn Wok,20000,1,17600,2400,False,False,14.116666666666667,2026-06
OD000000161554155,Pesanan selesai,False,2026-06-26 16:36:18,2026-06-26 16:36:31,2026-06-26 16:45:51,2026-06-28 16:50:37,Build A Zoo,Pets,JURA WOLFIE | BUILD A ZOO,Fardin Craft,5000,1,4400,600,False,False,9.333333333333334,2026-06
OD000000161554154,Pesanan selesai,False,2026-06-26 16:36:18,2026-06-26 16:36:31,2026-06-26 16:45:47,2026-06-28 16:50:36,Build A Zoo,Pets,JURA LESHEN ($344.448/s) | BUILD A ZOO,Fardin Craft,1000,1,880,120,False,False,9.266666666666667,2026-06
OD000000161553444,Pesanan selesai,False,2026-06-26 16:25:06,2026-06-26 16:25:31,2026-06-26 16:45:42,2026-06-28 16:50:36,Build A Zoo,Pets,CHRISTMAS KRYSTAIN ($464.115/s) | BUILD A ZOO,Fardin Craft,2000,1,1760,240,False,False,20.183333333333334,2026-06
OD000000161553443,Pesanan selesai,False,2026-06-26 16:25:06,2026-06-26 16:25:31,2026-06-26 16:45:37,2026-06-28 16:50:37,Build A Zoo,Item,COLOSSAL PINECONE | BUILD A ZOO,Fardin Craft,600,3,1584,216,False,False,20.1,2026-06
OD000000161553442,Pesanan selesai,False,2026-06-26 16:25:06,2026-06-26 16:25:31,2026-06-26 16:45:27,2026-06-28 16:50:35,Build A Zoo,Pets,PET 1M/s (VALENTINES VEXEL) | BUILD A ZOO,Fardin Craft,8000,1,7040,960,False,False,19.933333333333334,2026-06
OD000000161553441,Dana dikembalikan,False,2026-06-26 16:25:06,2026-06-26 16:25:31,,,Build A Zoo,Pets,SLIME DRAGON EGG (ELECTRIC) | BUILD A ZOO,Fardin Craft,3000,2,5280,720,False,False,,2026-06
OD000000161553440,Pesanan selesai,False,2026-06-26 16:25:06,2026-06-26 16:25:31,2026-06-26 16:45:22,2026-06-28 16:50:36,Build A Zoo,Pets,PET 700K/s (CREAM TITAN) | BUILD A ZOO,Fardin Craft,2500,1,2200,300,False,False,19.85,2026-06
OD000000161551796,Pesanan selesai,False,2026-06-26 15:59:06,2026-06-26 16:06:21,2026-06-26 16:17:44,2026-06-26 16:21:15,Build A Zoo,Pets,SLIME BELLA EGG | BUILD A ZOO,Hhahhahha,800,31,21824,2976,False,False,11.383333333333333,2026-06
OD000000161546925,Pesanan selesai,False,2026-06-26 14:44:25,2026-06-26 14:44:44,2026-06-26 14:51:19,2026-06-28 15:00:37,Build A Zoo,Pets,VOLTICE ($36.084/s) - PET SEASON 0.5% | BUILD A ZOO,aristo saputra,10000,1,8800,1200,False,False,6.583333333333333,2026-06
OD000000161545574,Pesanan selesai,False,2026-06-26 14:25:36,2026-06-26 14:26:45,2026-06-26 14:38:55,2026-06-26 14:39:04,Build A Zoo,Pets,PET 1M/s (FIRE AURELIA) | BUILD A ZOO,aristo saputra,10000,1,8800,1200,False,False,12.166666666666666,2026-06
OD000000161530135,Pesanan selesai,False,2026-06-26 10:20:48,2026-06-26 10:21:31,2026-06-26 10:46:44,2026-06-28 11:10:35,Build A Zoo,Pets,JURA SHADOW ($372.624/s) | BUILD A ZOO,Vex Vex,60000,1,52800,7200,False,False,25.216666666666665,2026-06
OD000000161527675,Pesanan selesai,False,2026-06-26 09:33:08,2026-06-26 09:33:29,2026-06-26 09:59:11,2026-06-28 10:00:31,Build A Zoo,Pets,PET 500K/s (SLIME SILAS) | BUILD A ZOO,Fardin Craft,800,1,704,96,False,False,25.7,2026-06
OD000000161527674,Pesanan selesai,False,2026-06-26 09:33:08,2026-06-26 09:33:29,2026-06-26 10:00:11,2026-06-28 10:00:30,Build A Zoo,Pets,CHRISTMAS AETHER ($358.650/s) | BUILD A ZOO,Fardin Craft,1500,1,1320,180,False,False,26.7,2026-06
OD000000161527673,Pesanan selesai,False,2026-06-26 09:33:08,2026-06-26 09:33:29,2026-06-26 10:00:05,2026-06-28 10:00:31,Build A Zoo,Pets,CHRISTMAS LESHEN ($430.560/s) | BUILD A ZOO,Fardin Craft,1000,2,1760,240,False,False,26.6,2026-06
OD000000161519900,Pesanan selesai,False,2026-06-26 03:54:36,2026-06-26 03:57:09,2026-06-26 13:06:54,2026-06-26 13:07:50,Build A Zoo,Pets,VALENTINES OLLIE ($128.688/) | BUILD A ZOO,Becky Graham,15000,1,13200,1800,False,False,549.75,2026-06
OD000000161501973,Pesanan selesai,False,2026-06-25 20:07:41,2026-06-25 20:08:15,2026-06-25 20:17:56,2026-06-27 20:30:38,Build A Zoo,Pets,SOL | BUILD A ZOO,al fattah,600,3,1584,216,False,False,9.683333333333334,2026-06
OD000000161497526,Pesanan selesai,False,2026-06-25 19:09:07,2026-06-25 19:09:50,2026-06-25 19:21:42,2026-06-27 19:40:34,Build A Zoo,Pets,PET 500K/s (SLIME KRYSTAIN) | BUILD A ZOO,Abdallah al Sudono,800,22,15488,2112,False,False,11.866666666666667,2026-06
OD000000161491486,Pesanan selesai,False,2026-06-25 17:28:03,2026-06-25 17:28:20,2026-06-25 17:33:49,2026-06-27 17:40:41,Build A Zoo,Pets,PET 500K/s (SLIME VEXEL) | BUILD A ZOO,Abdallah al Sudono,800,22,15488,2112,False,False,5.483333333333333,2026-06
OD000000161489796,Pesanan selesai,True,2026-06-25 17:00:34,2026-06-25 17:01:29,2026-06-25 17:07:25,2026-06-27 17:20:35,Build A Zoo,Pets,CREAM AETHER ($406.470/s) | BUILD A ZOO,Abdallah al Sudono,2000,6,10560,1440,False,False,5.933333333333334,2026-06
OD000000161489405,Pesanan selesai,False,2026-06-25 16:53:46,2026-06-25 16:54:10,2026-06-25 17:27:56,2026-06-27 17:40:38,Build A Zoo,Item,ACORN (THANKSGIVING UNIQUE BIG PET) | BUILD A ZOO,mokaaa263,800,5,3520,480,False,False,33.766666666666666,2026-06
OD000000161483297,Pesanan selesai,False,2026-06-25 15:11:16,2026-06-25 15:11:49,2026-06-25 17:14:40,2026-06-27 17:20:33,Build A Zoo,Pets,SNOW LUMINA ($368.244/s) | BUILD A ZOO,Vex Vex,70000,1,61600,8400,False,False,122.85,2026-06
OD000000161481937,Pesanan selesai,False,2026-06-25 14:50:42,2026-06-25 14:51:19,2026-06-25 15:00:44,2026-06-27 15:10:36,Build A Zoo,Pets,SNOW BLIZZARD ($417.936/s) | BUILD A ZOO,Vex Vex,80000,1,70400,9600,False,False,9.416666666666666,2026-06
OD000000161481601,Pesanan selesai,False,2026-06-25 14:45:31,2026-06-25 14:46:05,2026-06-25 15:00:39,2026-06-27 15:10:33,Build A Zoo,Pets,PET EVENT!!! - GOBBLES ($30.978/s) | BUILD A ZOO,Vex Vex,15000,1,13200,1800,False,False,14.566666666666666,2026-06
OD000000161479669,Pesanan selesai,False,2026-06-25 14:13:07,2026-06-25 14:13:37,2026-06-25 14:37:08,2026-06-27 14:50:32,Build A Zoo,Pets,PET SUPER LIMITED!!! - TOOTHLESS ($481.729/s) | BUILD A ZOO,Vex Vex,280000,1,246400,33600,False,False,23.516666666666666,2026-06
OD000000161477880,Pesanan selesai,False,2026-06-25 13:42:48,2026-06-25 13:42:48,2026-06-25 14:08:05,2026-06-25 14:15:50,Build A Zoo,Pets,VALENTINES ELDAR ($500.752/s) | BUILD A ZOO,Rizki Dwi Agustino XI IPA 4,800,1,704,96,False,False,25.283333333333335,2026-06
OD000000161477821,Pesanan selesai,False,2026-06-25 13:41:48,2026-06-25 13:41:52,2026-06-25 14:07:58,2026-06-25 14:15:56,Build A Zoo,Pets,PET 500K/s (SLIME KRYSTAIN) | BUILD A ZOO,Rizki Dwi Agustino XI IPA 4,800,2,1408,192,False,False,26.1,2026-06
OD000000161475005,Pesanan selesai,False,2026-06-25 12:55:00,2026-06-25 12:55:46,2026-06-25 13:11:46,2026-06-25 13:12:01,Build A Zoo,Item,CRANBERRY (THANKSGIVING MUTATION) | BUILD A ZOO,Hanjs,900,7,5544,756,False,False,16.0,2026-06
OD000000161473167,Pesanan selesai,False,2026-06-25 12:26:01,2026-06-25 12:26:58,2026-06-25 12:58:00,2026-06-27 13:00:36,Build A Zoo,Pets,PET EVENT!!! - GLAZYN ($33.605/s) | BUILD A ZOO,dania afrina,30000,1,26400,3600,False,False,31.033333333333335,2026-06
OD000000161456809,Pesanan selesai,False,2026-06-25 04:36:29,2026-06-25 04:37:35,2026-06-25 05:27:50,2026-06-25 05:28:34,Build A Zoo,Pets,PET 500K/s (SLIME VEXEL) | BUILD A ZOO,angie,800,20,14080,1920,False,False,50.25,2026-06
OD000000161455423,Pesanan selesai,False,2026-06-25 02:09:51,2026-06-25 02:10:43,2026-06-25 05:38:17,2026-06-25 05:44:50,Build A Zoo,Pets,VALENTINES NERDIE ($342.688/s) | BUILD A ZOO,pamelareid85,12000,1,10560,1440,False,False,207.56666666666666,2026-06
OD000000161455422,Pesanan selesai,False,2026-06-25 02:09:51,2026-06-25 02:10:43,2026-06-25 05:36:48,2026-06-25 05:44:58,Build A Zoo,Pets,CHRISTMAS KRYSTAIN ($464.115/s) | BUILD A ZOO,pamelareid85,2000,1,1760,240,False,False,206.08333333333334,2026-06
OD000000161455421,Pesanan selesai,False,2026-06-25 02:09:51,2026-06-25 02:10:43,2026-06-25 05:38:24,2026-06-25 05:47:00,Build A Zoo,Pets,VALENTINES CRIMSONIX ($400.249/s) | BUILD A ZOO,pamelareid85,5000,1,4400,600,False,False,207.68333333333334,2026-06
OD000000161451156,Pesanan selesai,False,2026-06-24 23:24:49,2026-06-24 23:25:17,2026-06-25 14:00:40,2026-06-25 14:01:11,Build A Zoo,Pets,PET 400K/s (HALLOWEEN KRYSTAIN) | BUILD A ZOO,Kenzie,600,1,528,72,False,False,875.3833333333333,2026-06
OD000000161449468,Pesanan selesai,False,2026-06-24 22:42:11,2026-06-24 22:42:43,2026-06-25 11:33:40,2026-06-27 11:50:34,Build A Zoo,Pets,SLIME CHOMP ($595.764/s) | BUILD A ZOO,Galang Al Fathir,800,1,704,96,False,False,770.95,2026-06
OD000000161449071,Pesanan selesai,False,2026-06-24 22:33:14,2026-06-24 22:33:51,2026-06-25 07:36:50,2026-06-25 07:43:53,Build A Zoo,Pets,EGG OCEAN (ELECTRIC SEAHORSE EGG) | BUILD A ZOO,linokorea98,800,2,1408,192,False,False,542.9833333333333,2026-06
OD000000161449070,Pesanan selesai,False,2026-06-24 22:33:14,2026-06-24 22:33:52,2026-06-25 07:36:39,2026-06-25 07:44:05,Build A Zoo,Pets,EGG OCEAN (SNOW SEA SLUG EGG) | BUILD A ZOO,linokorea98,1500,2,2640,360,False,False,542.7833333333333,2026-06
OD000000161449069,Pesanan selesai,False,2026-06-24 22:33:14,2026-06-24 22:33:51,2026-06-25 07:36:34,2026-06-25 07:44:31,Build A Zoo,Pets,PET 1M/s (CHRISTMAS VEXEL) | BUILD A ZOO,linokorea98,12000,1,10560,1440,False,False,542.7166666666667,2026-06
OD000000161449068,Pesanan selesai,False,2026-06-24 22:33:14,2026-06-24 22:33:51,2026-06-25 07:36:28,2026-06-25 07:44:48,Build A Zoo,Pets,PET 900K/s (SNOW SILAS) | BUILD A ZOO,linokorea98,5000,1,4400,600,False,False,542.6166666666667,2026-06
OD000000161449067,Pesanan selesai,False,2026-06-24 22:33:14,2026-06-24 22:33:51,2026-06-25 07:36:22,2026-06-25 07:43:40,Build A Zoo,Pets,PET 800K/s (CHRISTMAS DYNAM) | BUILD A ZOO,linokorea98,3000,1,2640,360,False,False,542.5166666666667,2026-06
OD000000161448134,Pesanan selesai,False,2026-06-24 22:14:23,2026-06-24 22:14:34,2026-06-25 07:36:07,2026-06-25 07:43:08,Build A Zoo,Pets,SNOW BOW TIE EGG | BUILD A ZOO,linokorea98,500,1,440,60,False,False,561.55,2026-06
OD000000161443505,Pesanan selesai,False,2026-06-24 20:54:35,2026-06-24 20:55:07,2026-06-24 21:01:02,2026-06-24 21:04:57,Build A Zoo,Pets,PET 500K/s (SLIME SILAS) | BUILD A ZOO,VallYourminee,800,10,7040,960,False,False,5.916666666666667,2026-06
OD000000161439705,Pesanan selesai,False,2026-06-24 19:56:10,2026-06-24 19:56:34,2026-06-24 20:21:42,2026-06-26 20:50:36,Build A Zoo,Pets,PET 400K/s (HALLOWEEN ELDAR) | BUILD A ZOO,Izal2012,700,2,1232,168,False,False,25.133333333333333,2026-06
OD000000161439704,Pesanan selesai,False,2026-06-24 19:56:10,2026-06-24 19:56:34,2026-06-24 20:21:35,2026-06-26 20:50:36,Build A Zoo,Pets,VALENTINES KRYSTAIN ($495.056/s) | BUILD A ZOO,Izal2012,800,2,1408,192,False,False,25.016666666666666,2026-06
OD000000161439703,Pesanan selesai,False,2026-06-24 19:56:10,2026-06-24 19:56:34,2026-06-24 20:21:49,2026-06-26 20:50:34,Build A Zoo,Pets,SLIME CHOMP ($595.764/s) | BUILD A ZOO,Izal2012,800,2,1408,192,False,False,25.25,2026-06
OD000000161438711,Pesanan selesai,False,2026-06-24 19:41:14,2026-06-24 19:42:12,2026-06-24 20:24:29,2026-06-26 20:50:35,Build A Zoo,Item,MACARON JELLY (SLIME SERIES BIG PET) | BUILD A ZOO,Keysa Rahma,1200,10,10560,1440,False,False,42.28333333333333,2026-06
OD000000161414454,Pesanan selesai,False,2026-06-24 12:55:41,2026-06-24 12:57:37,2026-06-24 13:08:47,2026-06-26 13:10:57,Build A Zoo,Pets,PET 400K/s (HALLOWEEN KRYSTAIN) | BUILD A ZOO,Galang,600,2,1056,144,False,False,11.166666666666666,2026-06
OD000000161413240,Pesanan selesai,False,2026-06-24 12:35:17,2026-06-24 12:36:19,2026-06-24 13:19:50,2026-06-24 13:20:13,Build A Zoo,Pets,SLIME BELLA EGG | BUILD A ZOO,Xin,700,20,12320,1680,False,False,43.516666666666666,2026-06
OD000000161405574,Pesanan selesai,False,2026-06-24 10:23:53,2026-06-24 10:24:23,2026-06-24 10:34:14,2026-06-26 10:40:38,Build A Zoo,Pets,SLIME BELLA EGG | BUILD A ZOO,al fattah,700,20,12320,1680,False,False,9.85,2026-06
OD000000161405494,Pesanan selesai,False,2026-06-24 10:22:44,2026-06-24 10:22:55,2026-06-24 10:36:35,2026-06-24 10:43:48,Build A Zoo,Pets,PET 500K/s (SLIME SILAS) | BUILD A ZOO,Andre Guwanteng,800,2,1408,192,False,False,13.666666666666666,2026-06
OD000000161404971,Pesanan selesai,False,2026-06-24 10:12:42,2026-06-24 10:12:56,2026-06-24 10:17:53,2026-06-24 10:21:20,Build A Zoo,Pets,PET 500K/s (SLIME KRYSTAIN) | BUILD A ZOO,Andre Guwanteng,800,10,7040,960,False,False,4.95,2026-06
OD000000161398489,Pesanan selesai,False,2026-06-24 07:17:31,2026-06-24 07:17:56,2026-06-24 07:22:01,2026-06-24 07:23:11,Build A Zoo,Pets,PET 500K/s (SLIME VEXEL) | BUILD A ZOO,Cim Mol,800,1,704,96,False,False,4.083333333333333,2026-06
OD000000161398488,Pesanan selesai,False,2026-06-24 07:17:31,2026-06-24 07:17:56,2026-06-24 07:21:55,2026-06-24 07:23:54,Build A Zoo,Pets,PET 500K/s (SLIME KRYSTAIN) | BUILD A ZOO,Cim Mol,800,1,704,96,False,False,3.9833333333333334,2026-06
OD000000161398487,Pesanan selesai,False,2026-06-24 07:17:31,2026-06-24 07:17:56,2026-06-24 07:22:07,2026-06-24 07:24:04,Build A Zoo,Pets,VALENTINES KRYSTAIN ($495.056/s) | BUILD A ZOO,Cim Mol,800,1,704,96,False,False,4.183333333333334,2026-06
OD000000161398486,Pesanan selesai,False,2026-06-24 07:17:31,2026-06-24 07:17:56,2026-06-24 07:21:49,2026-06-24 07:24:17,Build A Zoo,Pets,SLIME CHOMP ($595.764/s) | BUILD A ZOO,Cim Mol,800,1,704,96,False,False,3.8833333333333333,2026-06
OD000000161396827,Pesanan selesai,False,2026-06-24 05:46:15,2026-06-24 05:46:54,2026-06-24 05:53:54,2026-06-24 05:54:48,Build A Zoo,Pets,SLIME CHOMP ($595.764/s) | BUILD A ZOO,Zaulian,800,4,2816,384,False,False,7.0,2026-06
OD000000161395723,Pesanan selesai,False,2026-06-24 03:56:43,2026-06-24 03:57:18,2026-06-24 12:13:24,2026-06-24 12:19:33,Build A Zoo,Pets,PET 1M/s (JURA ROACH) - PET EVENT!!! | BUILD A ZOO,Xin,12000,1,10560,1440,False,False,496.1,2026-06
OD000000161395720,Pesanan selesai,False,2026-06-24 03:56:43,2026-06-24 03:57:17,2026-06-24 12:13:30,2026-06-24 12:20:05,Build A Zoo,Item,MACARON JELLY (SLIME SERIES BIG PET) | BUILD A ZOO,Xin,1200,25,26400,3600,False,False,496.21666666666664,2026-06
OD000000161395719,Pesanan selesai,False,2026-06-24 03:56:43,2026-06-24 03:57:17,2026-06-24 12:13:17,2026-06-24 12:19:57,Build A Zoo,Pets,PET 1.3M/s (VALENTINES KRYNN) | BUILD A ZOO,Xin,13000,1,11440,1560,False,False,496.0,2026-06
OD000000161391564,Pesanan selesai,False,2026-06-23 23:52:21,2026-06-23 23:52:40,2026-06-24 08:05:00,2026-06-24 08:07:56,Build A Zoo,Pets,PET 500K/s (SLIME VEXEL) | BUILD A ZOO,Andre Guwanteng,800,1,704,96,False,False,492.3333333333333,2026-06
OD000000161388006,Pesanan selesai,False,2026-06-23 22:25:06,2026-06-23 22:26:15,2026-06-24 09:10:13,2026-06-24 09:34:21,Build A Zoo,Item,VOLT GINKGO (CHANCE TO GET MUTATION JURA FOR BIG PET) | BUILD A ZOO,Hhahhahha,900,5,3960,540,False,False,643.9666666666667,2026-06
OD000000161386272,Pesanan selesai,False,2026-06-23 21:49:31,2026-06-23 21:49:53,2026-06-24 20:21:28,2026-06-26 20:50:35,Build A Zoo,Pets,PET 500K/s (SLIME SILAS) | BUILD A ZOO,Izal2012,800,2,1408,192,False,False,1351.5833333333333,2026-06
OD000000161386271,Pesanan selesai,False,2026-06-23 21:49:31,2026-06-23 21:49:53,2026-06-24 20:21:22,2026-06-26 20:50:35,Build A Zoo,Pets,PET 500K/s (SLIME VEXEL) | BUILD A ZOO,Izal2012,800,3,2112,288,False,False,1351.4833333333333,2026-06
OD000000161384923,Pesanan selesai,False,2026-06-23 21:27:05,2026-06-23 21:27:27,2026-06-24 09:40:59,2026-06-26 09:50:37,Build A Zoo,Pets,SLIME BELLA EGG | BUILD A ZOO,opank Naufal,700,10,6160,840,False,False,733.5333333333333,2026-06
OD000000161374815,Pesanan selesai,False,2026-06-23 19:03:20,2026-06-23 19:03:32,2026-06-23 19:19:49,2026-06-25 19:20:46,Build A Zoo,Pets,VALENTINES KRYSTAIN ($495.056/s) | BUILD A ZOO,filiokenz,1500,5,6600,900,False,False,16.283333333333335,2026-06
OD000000161374517,Pesanan selesai,False,2026-06-23 18:59:03,2026-06-23 18:59:19,2026-06-23 19:01:23,2026-06-23 19:02:20,Build A Zoo,Pets,PET 500K/s (SLIME VEXEL) | BUILD A ZOO,AYAM GOYENG,800,1,704,96,False,False,2.066666666666667,2026-06
OD000000161373430,Pesanan selesai,False,2026-06-23 18:43:35,2026-06-23 18:43:48,2026-06-23 18:52:18,2026-06-23 18:59:56,Build A Zoo,Pets,VALENTINES AETHER ($382.560/s) | BUILD A ZOO,filiokenz,1500,5,6600,900,False,False,8.5,2026-06
OD000000161365498,Pesanan selesai,False,2026-06-23 16:34:02,2026-06-23 16:34:42,2026-06-23 16:52:46,2026-06-23 16:54:58,Build A Zoo,Pets,SLIME BELLA EGG | BUILD A ZOO,Xin,700,50,30800,4200,False,False,18.066666666666666,2026-06
OD000000161360111,Dana dikembalikan,False,2026-06-23 15:02:45,2026-06-23 15:03:29,,,Build A Zoo,Pets,SLIME BELLA EGG | BUILD A ZOO,al fattah,700,20,12320,1680,False,False,,2026-06
OD000000161359204,Dana dikembalikan,False,2026-06-23 14:47:52,2026-06-23 14:48:24,,,Build A Zoo,Item,DEEPSEA PEARL | BUILD A ZOO,fai gak pake z,800,4,2816,384,False,False,,2026-06
OD000000161357018,Pesanan selesai,False,2026-06-23 14:13:04,2026-06-23 14:13:24,2026-06-23 14:23:13,2026-06-25 14:50:35,Build A Zoo,Pets,VALENTINES ELDAR ($500.752/s) | BUILD A ZOO,Hadif Fahrin,2000,10,17600,2400,False,False,9.816666666666666,2026-06
OD000000161355470,Pesanan selesai,False,2026-06-23 13:46:18,2026-06-23 13:46:42,2026-06-23 13:54:59,2026-06-25 14:00:38,Build A Zoo,Pets,CREAM AETHER ($406.470/s) | BUILD A ZOO,Oka Athallah,2000,2,3520,480,False,False,8.283333333333333,2026-06
OD000000161355469,Pesanan selesai,False,2026-06-23 13:46:18,2026-06-23 13:46:42,2026-06-23 13:54:54,2026-06-25 14:00:38,Build A Zoo,Pets,SNOW AETHER ($286.920/s) | BUILD A ZOO,Oka Athallah,1000,2,1760,240,False,False,8.2,2026-06
OD000000161355468,Pesanan selesai,False,2026-06-23 13:46:18,2026-06-23 13:46:42,2026-06-23 13:54:46,2026-06-25 14:00:39,Build A Zoo,Pets,CHRISTMAS AETHER ($358.650/s) | BUILD A ZOO,Oka Athallah,1500,2,2640,360,False,False,8.066666666666666,2026-06
OD000000161355467,Pesanan selesai,False,2026-06-23 13:46:18,2026-06-23 13:46:42,2026-06-23 13:54:38,2026-06-25 14:00:38,Build A Zoo,Pets,VALENTINES AETHER ($382.560/s) | BUILD A ZOO,Oka Athallah,1500,2,2640,360,False,False,7.933333333333334,2026-06
OD000000161354738,Pesanan selesai,False,2026-06-23 13:36:02,2026-06-23 13:36:24,2026-06-23 13:48:42,2026-06-25 14:00:35,Build A Zoo,Item,GINGERBREAD (FOR UNLOCK UNIQUE BIG PET) | BUILD A ZOO,Hadif Fahrin,800,9,6336,864,False,False,12.3,2026-06
OD000000161354654,Pesanan selesai,False,2026-06-23 13:34:35,2026-06-23 13:34:56,2026-06-23 13:48:38,2026-06-25 14:00:33,Build A Zoo,Item,VOLT GINKGO (CHANCE TO GET MUTATION JURA FOR BIG PET) | BUILD A ZOO,Hadif Fahrin,900,7,5544,756,False,False,13.7,2026-06
OD000000161354235,Pesanan selesai,False,2026-06-23 13:28:15,2026-06-23 13:28:36,2026-06-23 13:32:31,2026-06-25 13:40:49,Build A Zoo,Pets,SLIME AETHER ($430.380/s) | BUILD A ZOO,Oka Athallah,2500,1,2200,300,False,False,3.9166666666666665,2026-06
OD000000161354234,Pesanan selesai,False,2026-06-23 13:28:15,2026-06-23 13:28:36,2026-06-23 13:32:19,2026-06-25 13:40:49,Build A Zoo,Pets,CREAM AETHER ($406.470/s) | BUILD A ZOO,Oka Athallah,2000,1,1760,240,False,False,3.716666666666667,2026-06
OD000000161354233,Pesanan selesai,False,2026-06-23 13:28:15,2026-06-23 13:28:36,2026-06-23 13:32:24,2026-06-25 13:40:47,Build A Zoo,Pets,VALENTINES AETHER ($382.560/s) | BUILD A ZOO,Oka Athallah,1500,1,1320,180,False,False,3.8,2026-06
OD000000161354136,Pesanan selesai,False,2026-06-23 13:26:50,2026-06-23 13:27:15,2026-06-23 13:30:17,2026-06-25 13:40:48,Build A Zoo,Pets,SLIME CHOMP ($595.764/s) | BUILD A ZOO,Hadif Fahrin,800,10,7040,960,False,False,3.033333333333333,2026-06
OD000000161353812,Pesanan selesai,False,2026-06-23 13:22:40,2026-06-23 13:23:01,2026-06-23 13:30:12,2026-06-25 13:40:47,Build A Zoo,Pets,PET 500K/s (SLIME SILAS) | BUILD A ZOO,Hadif Fahrin,800,20,14080,1920,False,False,7.183333333333334,2026-06
OD000000161353677,Pesanan selesai,False,2026-06-23 13:20:38,2026-06-23 13:21:17,2026-06-23 13:30:07,2026-06-25 13:40:47,Build A Zoo,Pets,PET 500K/s (SLIME SILAS) | BUILD A ZOO,Oka Athallah,800,2,1408,192,False,False,8.833333333333334,2026-06
OD000000161352691,Pesanan selesai,False,2026-06-23 13:03:37,2026-06-23 13:04:02,2026-06-23 13:19:46,2026-06-25 13:20:35,Build A Zoo,Pets,PET 500K/s (SLIME VEXEL) | BUILD A ZOO,Hadif Fahrin,800,20,14080,1920,False,False,15.733333333333333,2026-06
OD000000161321057,Dana dikembalikan,False,2026-06-22 21:02:47,2026-06-22 21:03:09,,,Build A Zoo,Pets,VALENTINES KRYSTAIN ($495.056/s) | BUILD A ZOO,verdifahrezi 17,1500,1,1320,180,False,False,,2026-06
OD000000161319093,Pesanan selesai,False,2026-06-22 20:34:11,2026-06-22 20:34:43,2026-06-22 20:37:19,2026-06-22 20:37:42,Build A Zoo,Pets,CHRISTMAS AETHER ($358.650/s) | BUILD A ZOO,fai gak pake z,1500,1,1320,180,False,False,2.6,2026-06
OD000000161316935,Pesanan selesai,False,2026-06-22 20:05:03,2026-06-22 20:07:11,2026-06-22 20:11:49,2026-06-22 20:12:09,Build A Zoo,Pets,SLIME CHOMP ($595.764/s) | BUILD A ZOO,Yuni Alone,800,7,4928,672,False,False,4.633333333333334,2026-06
OD000000161315337,Pesanan selesai,False,2026-06-22 19:43:56,2026-06-22 19:44:23,2026-06-22 19:53:14,2026-06-24 20:00:37,Build A Zoo,Pets,PET 500K/s (SLIME SILAS) | BUILD A ZOO,Kyouka Ushimaru,800,3,2112,288,False,False,8.85,2026-06
OD000000161311404,Pesanan selesai,False,2026-06-22 18:46:14,2026-06-22 18:46:49,2026-06-22 19:02:01,2026-06-24 19:20:35,Build A Zoo,Pets,PET 1.7M/s (CREAM KRYNN) | BUILD A ZOO,Sam Shears,17000,1,14960,2040,False,False,15.2,2026-06
OD000000161311403,Pesanan selesai,False,2026-06-22 18:46:14,2026-06-22 18:46:49,2026-06-22 19:01:56,2026-06-24 19:20:33,Build A Zoo,Item,DEEPSEA PEARL | BUILD A ZOO,Sam Shears,800,30,21120,2880,False,False,15.116666666666667,2026-06
OD000000161311402,Pesanan selesai,False,2026-06-22 18:46:14,2026-06-22 18:46:48,2026-06-22 19:01:52,2026-06-24 19:20:33,Build A Zoo,Pets,PET 1.4M/s (THANKSGIVING MAIYA) | BUILD A ZOO,Sam Shears,16000,1,14080,1920,False,False,15.066666666666666,2026-06
OD000000161311401,Pesanan selesai,False,2026-06-22 18:46:14,2026-06-22 18:46:48,2026-06-22 19:01:48,2026-06-24 19:20:31,Build A Zoo,Pets,PET 2M/s (SLIME SILAS) | BUILD A ZOO,Sam Shears,48000,1,42240,5760,False,False,15.0,2026-06
OD000000161311400,Pesanan selesai,False,2026-06-22 18:46:14,2026-06-22 18:46:48,2026-06-22 19:01:43,2026-06-24 19:20:34,Build A Zoo,Pets,PET 1.7M/s (HALLOWEEN METRO GIRAFFE) | BUILD A ZOO,Sam Shears,17000,1,14960,2040,False,False,14.916666666666666,2026-06
OD000000161311399,Pesanan selesai,False,2026-06-22 18:46:14,2026-06-22 18:46:48,2026-06-22 19:01:19,2026-06-24 19:20:33,Build A Zoo,Pets,PET 1.9M/s (SLIME VEXEL) | BUILD A ZOO,Sam Shears,38000,1,33440,4560,False,False,14.516666666666667,2026-06
OD000000161311398,Pesanan selesai,False,2026-06-22 18:46:14,2026-06-22 18:46:49,2026-06-22 19:01:15,2026-06-24 19:20:33,Build A Zoo,Pets,PET 1.7M/s (SLIME CHOMP) | BUILD A ZOO,Sam Shears,17000,1,14960,2040,False,False,14.433333333333334,2026-06
OD000000161311397,Pesanan selesai,False,2026-06-22 18:46:14,2026-06-22 18:46:49,2026-06-22 19:01:10,2026-06-24 19:20:33,Build A Zoo,Pets,PET 1.6M/s (SLIME ELDAR) | BUILD A ZOO,Sam Shears,16000,1,14080,1920,False,False,14.35,2026-06
OD000000161309873,Pesanan selesai,False,2026-06-22 18:22:48,2026-06-22 18:24:16,2026-06-22 18:36:58,2026-06-24 18:40:32,Build A Zoo,Pets,SLIME PEBBLE ($502.038/s) | BUILD A ZOO,dasyangelene,8000,1,7040,960,False,False,12.7,2026-06
OD000000161309872,Pesanan selesai,False,2026-06-22 18:22:48,2026-06-22 18:24:16,2026-06-22 18:36:06,2026-06-24 18:40:33,Build A Zoo,Pets,HALLOWEEN PEBBLE ($362.583/s) | BUILD A ZOO,dasyangelene,5000,1,4400,600,False,False,11.833333333333334,2026-06
OD000000161309871,Pesanan selesai,False,2026-06-22 18:22:48,2026-06-22 18:24:17,2026-06-22 18:35:08,2026-06-24 18:40:33,Build A Zoo,Pets,VALENTINES NERDIE ($342.688/s) | BUILD A ZOO,dasyangelene,12000,1,10560,1440,False,False,10.85,2026-06
OD000000161309870,Pesanan selesai,False,2026-06-22 18:22:48,2026-06-22 18:24:16,2026-06-22 18:35:44,2026-06-24 18:40:32,Build A Zoo,Pets,CHRISTMAS PEBBLE ($418.365/s) | BUILD A ZOO,dasyangelene,5000,1,4400,600,False,False,11.466666666666667,2026-06
OD000000161309869,Pesanan selesai,False,2026-06-22 18:22:48,2026-06-22 18:24:17,2026-06-22 18:35:36,2026-06-24 18:40:33,Build A Zoo,Pets,PET 1M/s (VALENTINES VEXEL) | BUILD A ZOO,dasyangelene,12000,1,10560,1440,False,False,11.316666666666666,2026-06
OD000000161309350,Pesanan selesai,False,2026-06-22 18:14:44,2026-06-22 18:14:59,2026-06-22 18:19:41,2026-06-22 18:20:15,Build A Zoo,Pets,SLIME BELLA EGG | BUILD A ZOO,naufal putra,700,10,6160,840,False,False,4.7,2026-06
OD000000161303591,Pesanan selesai,False,2026-06-22 16:33:38,2026-06-22 16:34:03,2026-06-22 16:42:03,2026-06-22 16:42:14,Build A Zoo,Pets,PET 500K/s (SLIME SILAS) | BUILD A ZOO,zailani nazib,800,5,3520,480,False,False,8.0,2026-06
OD000000161269494,Pesanan selesai,False,2026-06-22 00:47:54,2026-06-22 00:48:48,2026-06-22 11:08:40,2026-06-22 11:10:09,Build A Zoo,Pets,VALENTINES KRYSTAIN ($495.056/s) | BUILD A ZOO,Clarissa kirana,1500,1,1320,180,False,False,619.8666666666667,2026-06
OD000000161261148,Pesanan selesai,False,2026-06-21 21:27:34,2026-06-21 21:28:04,2026-06-21 21:54:46,2026-06-21 21:55:17,Build A Zoo,Pets,JURA SHADOW ($372.624/s) | BUILD A ZOO,Zaulian,60000,1,52800,7200,False,False,26.7,2026-06
OD000000161258962,Pesanan selesai,False,2026-06-21 20:52:49,2026-06-21 20:53:18,2026-06-21 21:01:31,2026-06-23 21:10:32,Build A Zoo,Pets,PET 500K/s (CHRISTMAS MUCY) | BUILD A ZOO,Shariff Shah Aidid,5000,1,4400,600,False,False,8.216666666666667,2026-06
OD000000161244968,Pesanan selesai,False,2026-06-21 17:23:17,2026-06-21 17:23:47,2026-06-21 17:35:48,2026-06-23 17:40:35,Build A Zoo,Pets,VALENTINES KRYSTAIN ($495.056/s) | BUILD A ZOO,Nur aisyah salsabila,1500,3,3960,540,False,False,12.016666666666667,2026-06
OD000000161230691,Pesanan selesai,False,2026-06-21 13:32:06,2026-06-21 13:32:22,2026-06-21 13:52:02,2026-06-21 13:53:03,Build A Zoo,Pets,PET 400K/s (CHRISTMAS SILAS) | BUILD A ZOO,AYAM GOYENG,1500,1,1320,180,False,False,19.666666666666668,2026-06
OD000000161229227,Pesanan selesai,False,2026-06-21 13:11:09,2026-06-21 13:11:48,2026-06-21 13:16:15,2026-06-23 13:30:40,Build A Zoo,Pets,VALENTINES KRYSTAIN ($495.056/s) | BUILD A ZOO,Muhammad Tegar,1500,1,1320,180,False,False,4.45,2026-06
OD000000161225806,Pesanan selesai,False,2026-06-21 12:18:50,2026-06-21 12:19:57,2026-06-21 12:22:34,2026-06-21 12:23:06,Build A Zoo,Pets,VALENTINES ELDAR ($500.752/s) | BUILD A ZOO,Rizki Dwi Agustino,2000,1,1760,240,False,False,2.6166666666666667,2026-06
OD000000161224451,Pesanan selesai,False,2026-06-21 11:56:23,2026-06-21 11:57:15,2026-06-21 12:11:10,2026-06-23 12:30:37,Build A Zoo,Pets,SLIME BELLA EGG | BUILD A ZOO,al fattah,700,20,12320,1680,False,False,13.916666666666666,2026-06
OD000000161222632,Pesanan selesai,False,2026-06-21 11:26:53,2026-06-21 11:27:14,2026-06-21 11:32:49,2026-06-21 11:34:28,Build A Zoo,Pets,VALENTINES KRYSTAIN ($495.056/s) | BUILD A ZOO,AYAM GOYENG,1500,1,1320,180,False,False,5.583333333333333,2026-06
OD000000161219145,Pesanan selesai,False,2026-06-21 10:27:43,2026-06-21 10:28:38,2026-06-21 10:35:54,2026-06-21 10:38:07,Build A Zoo,Item,CHERRY (VALENTINES MUTATION) | BUILD A ZOO,dania afrina,800,5,3520,480,False,False,7.266666666666667,2026-06
OD000000161208397,Pesanan selesai,False,2026-06-21 03:57:30,2026-06-21 03:58:14,2026-06-21 04:04:03,2026-06-23 04:20:31,Build A Zoo,Pets,CHRISTMAS PEBBLE ($418.365/s) | BUILD A ZOO,al fattah,5000,1,4400,600,False,False,5.816666666666666,2026-06
OD000000161207887,Pesanan selesai,False,2026-06-21 03:17:12,2026-06-21 03:17:54,2026-06-21 03:20:49,2026-06-21 03:25:26,Build A Zoo,Pets,CHRISTMAS PEBBLE ($418.365/s) | BUILD A ZOO,lolgami 48,5000,1,4400,600,False,False,2.9166666666666665,2026-06
OD000000161200484,Pesanan selesai,False,2026-06-20 22:53:19,2026-06-20 22:54:17,2026-06-20 23:22:05,2026-06-22 23:30:34,Build A Zoo,Pets,SLIME BELLA EGG | BUILD A ZOO,Haziq Hakimi,700,40,24640,3360,False,False,27.8,2026-06
OD000000161198919,Pesanan selesai,False,2026-06-20 22:23:43,2026-06-20 22:24:17,2026-06-20 22:46:23,2026-06-22 23:10:42,Build A Zoo,Pets,SLIME BELLA EGG | BUILD A ZOO,al fattah,700,15,9240,1260,False,False,22.1,2026-06
OD000000161195418,Pesanan selesai,False,2026-06-20 21:24:10,2026-06-20 21:24:54,2026-06-20 21:47:18,2026-06-20 22:17:54,Build A Zoo,Pets,VALENTINES KRYSTAIN ($495.056/s) | BUILD A ZOO,al fattah,1500,2,2640,360,False,False,22.4,2026-06
OD000000161190071,Pesanan selesai,False,2026-06-20 20:10:21,2026-06-20 20:10:25,2026-06-20 20:15:03,2026-06-20 20:16:09,Build A Zoo,Pets,VALENTINES KRYSTAIN ($495.056/s) | BUILD A ZOO,manda memories,1500,4,5280,720,False,False,4.633333333333334,2026-06
OD000000161185052,Pesanan selesai,False,2026-06-20 19:05:01,2026-06-20 19:05:45,2026-06-20 19:31:54,2026-06-21 18:47:17,Build A Zoo,Pets,PET 500K/s (CHRISTMAS MUCY) | BUILD A ZOO,pamelareid85,5000,1,4400,600,False,False,26.15,2026-06
OD000000161185051,Pesanan selesai,False,2026-06-20 19:05:01,2026-06-20 19:05:45,2026-06-20 19:31:46,2026-06-20 22:43:46,Build A Zoo,Pets,CHRISTMAS PEBBLE ($418.365/s) | BUILD A ZOO,pamelareid85,5000,1,4400,600,False,False,26.016666666666666,2026-06
OD000000161185050,Pesanan selesai,False,2026-06-20 19:05:01,2026-06-20 19:05:45,2026-06-20 19:31:41,2026-06-21 18:47:23,Build A Zoo,Pets,CREAM PEBBLE ($474.147/s) | BUILD A ZOO,pamelareid85,8000,1,7040,960,False,False,25.933333333333334,2026-06
OD000000161185049,Pesanan selesai,False,2026-06-20 19:05:01,2026-06-20 19:05:45,2026-06-20 19:31:26,2026-06-20 19:32:52,Build A Zoo,Pets,SLIME BELLA EGG | BUILD A ZOO,pamelareid85,700,10,6160,840,False,False,25.683333333333334,2026-06
OD000000161183249,Pesanan selesai,False,2026-06-20 18:39:22,2026-06-20 18:40:49,2026-06-20 19:31:21,2026-06-20 19:32:57,Build A Zoo,Pets,HRED / ZORO ($32.176/s) | BUILD A ZOO,Becky Graham,12000,1,10560,1440,False,False,50.53333333333333,2026-06
OD000000161183248,Pesanan selesai,False,2026-06-20 18:39:22,2026-06-20 18:40:51,2026-06-20 19:31:14,2026-06-20 19:32:36,Build A Zoo,Pets,SLIME BELLA EGG | BUILD A ZOO,Becky Graham,700,40,24640,3360,False,False,50.38333333333333,2026-06
OD000000161180540,Pesanan selesai,False,2026-06-20 17:59:59,2026-06-20 18:00:10,2026-06-20 18:06:08,2026-06-20 18:07:39,Build A Zoo,Pets,SLIME BELLA EGG | BUILD A ZOO,Ghozt Slebew,700,10,6160,840,False,False,5.966666666666667,2026-06
OD000000161174366,Pesanan selesai,False,2026-06-20 16:25:11,2026-06-20 16:28:14,2026-06-20 16:37:04,2026-06-22 16:40:33,Build A Zoo,Item,FRANKEN KIWI | BUILD A ZOO,Haziq Hakimi,800,10,7040,960,False,False,8.833333333333334,2026-06
OD000000161174275,Pesanan selesai,False,2026-06-20 16:23:58,2026-06-20 16:25:13,2026-06-20 16:36:59,2026-06-22 16:40:32,Build A Zoo,Item,YOGURT ICE CREAM (CREAM MUTATION FOR BIG PET) | BUILD A ZOO,Haziq Hakimi,900,15,11880,1620,False,False,11.766666666666667,2026-06
OD000000161173433,Pesanan selesai,False,2026-06-20 16:10:54,2026-06-20 16:12:16,2026-06-20 16:26:00,2026-06-22 04:12:52,Build A Zoo,Pets,CREAM PEBBLE ($474.147/s) | BUILD A ZOO,nurfaizah,8000,1,7040,960,False,False,13.733333333333333,2026-06
OD000000161166179,Pesanan selesai,False,2026-06-20 14:27:41,2026-06-20 14:28:24,2026-06-20 14:35:08,2026-06-20 14:39:48,Build A Zoo,Pets,SLIME BELLA EGG | BUILD A ZOO,Bayu Chandra,700,13,8008,1092,False,False,6.733333333333333,2026-06
OD000000161163973,Pesanan selesai,False,2026-06-20 13:56:19,2026-06-20 13:58:20,2026-06-20 14:24:23,2026-06-20 17:26:48,Build A Zoo,Pets,VALENTINES PEBBLE ($446.256/s) | BUILD A ZOO,dasyangelene,8000,1,7040,960,False,False,26.05,2026-06
OD000000161163972,Pesanan selesai,False,2026-06-20 13:56:19,2026-06-20 13:58:20,2026-06-20 14:24:19,2026-06-20 17:27:03,Build A Zoo,Pets,CHRISTMAS PEBBLE ($418.365/s) | BUILD A ZOO,dasyangelene,5000,1,4400,600,False,False,25.983333333333334,2026-06
OD000000161163971,Pesanan selesai,False,2026-06-20 13:56:19,2026-06-20 13:58:21,2026-06-20 14:24:14,2026-06-20 17:27:09,Build A Zoo,Pets,SNOW PEBBLE ($334.692/s) | BUILD A ZOO,dasyangelene,5000,1,4400,600,False,False,25.883333333333333,2026-06
OD000000161163970,Pesanan selesai,False,2026-06-20 13:56:19,2026-06-20 13:58:19,2026-06-20 14:24:09,2026-06-20 17:27:15,Build A Zoo,Pets,CREAM PEBBLE ($474.147/s) | BUILD A ZOO,dasyangelene,8000,1,7040,960,False,False,25.833333333333332,2026-06
OD000000161162543,Pesanan selesai,False,2026-06-20 13:33:52,2026-06-20 13:34:36,2026-06-20 13:38:59,2026-06-22 13:50:34,Build A Zoo,Pets,SLIME BELLA EGG | BUILD A ZOO,Carlos L,700,24,14784,2016,False,False,4.383333333333334,2026-06
OD000000161159898,Pesanan selesai,False,2026-06-20 12:55:43,2026-06-20 12:56:16,2026-06-20 13:15:15,2026-06-22 13:20:34,Build A Zoo,Item,MINT JELLY (CHANCE TO GET MUTATION SLIME FOR BIG PET) | BUILD A ZOO,Haziq Hakimi,1200,20,21120,2880,False,False,18.983333333333334,2026-06
OD000000161154096,Pesanan selesai,False,2026-06-20 11:32:10,2026-06-20 11:32:23,2026-06-20 13:17:42,2026-06-22 13:20:32,Build A Zoo,Pets,SLIME BELLA EGG | BUILD A ZOO,BAYU TRI saputra,700,10,6160,840,False,False,105.31666666666666,2026-06
OD000000161146338,Pesanan selesai,False,2026-06-20 09:37:16,2026-06-20 09:38:23,2026-06-20 09:52:04,2026-06-20 09:52:47,Build A Zoo,Pets,VALENTINES KRYSTAIN ($495.056/s) | BUILD A ZOO,Rizki Dwi Agustino XI IPA 4,1500,1,1320,180,False,False,13.683333333333334,2026-06
OD000000161136502,Pesanan selesai,False,2026-06-19 22:33:38,2026-06-19 22:34:27,2026-06-20 06:32:06,2026-06-22 06:40:31,Build A Zoo,Pets,PET 13M/s (ELITE HALLOWEEN KRYNN) | BUILD A ZOO,Sam Shears,280000,1,246400,33600,False,False,477.65,2026-06
OD000000161136501,Pesanan selesai,False,2026-06-19 22:33:38,2026-06-19 22:34:26,2026-06-20 06:32:01,2026-06-22 06:40:29,Build A Zoo,Pets,PET 7M/s (ELITE CREAM KRYNN) | BUILD A ZOO,Sam Shears,25000,1,22000,3000,False,False,477.5833333333333,2026-06
OD000000161136500,Pesanan selesai,False,2026-06-19 22:33:38,2026-06-19 22:34:27,2026-06-20 06:31:22,2026-06-22 06:40:31,Build A Zoo,Pets,PET 7M/s (ELITE SLIME SENTINEL) | BUILD A ZOO,Sam Shears,25000,1,22000,3000,False,False,476.9166666666667,2026-06
OD000000161136499,Pesanan selesai,False,2026-06-19 22:33:38,2026-06-19 22:34:26,2026-06-20 06:31:15,2026-06-22 06:40:30,Build A Zoo,Pets,PET 1.5M/s (SLIME ELDAR) | BUILD A ZOO,Sam Shears,18000,1,15840,2160,False,False,476.81666666666666,2026-06
OD000000161136498,Pesanan selesai,False,2026-06-19 22:33:38,2026-06-19 22:34:27,2026-06-20 06:31:10,2026-06-22 06:40:30,Build A Zoo,Pets,PET 6M/s (ELITE SLIME CHOMP) | BUILD A ZOO,Sam Shears,22000,1,19360,2640,False,False,476.71666666666664,2026-06
OD000000161136497,Pesanan selesai,False,2026-06-19 22:33:38,2026-06-19 22:34:26,2026-06-20 06:31:06,2026-06-22 06:40:29,Build A Zoo,Pets,PET OCEAN 1.4M/s (HALLOWEEN TWINKLE) | BUILD A ZOO,Sam Shears,20000,1,17600,2400,False,False,476.6666666666667,2026-06
OD000000161136496,Pesanan selesai,False,2026-06-19 22:33:38,2026-06-19 22:34:26,2026-06-20 06:31:01,2026-06-22 06:40:30,Build A Zoo,Pets,PET OCEAN 1.2M/s (HALLOWEEN JOLLY) | BUILD A ZOO,Sam Shears,15000,1,13200,1800,False,False,476.5833333333333,2026-06
OD000000161136495,Pesanan selesai,False,2026-06-19 22:33:38,2026-06-19 22:34:26,2026-06-20 06:30:56,2026-06-22 06:40:30,Build A Zoo,Pets,PET 8M/s (ELITE HALLOWEEN CRISPIN) | BUILD A ZOO,Sam Shears,55000,1,48400,6600,False,False,476.5,2026-06
OD000000161135276,Pesanan selesai,False,2026-06-19 22:14:12,2026-06-19 22:14:53,2026-06-19 22:22:09,2026-06-21 22:30:33,Build A Zoo,Pets,SNOW AETHER ($286.920/s) | BUILD A ZOO,mize 14,1000,1,880,120,False,False,7.266666666666667,2026-06
OD000000161135145,Pesanan selesai,False,2026-06-19 22:11:58,2026-06-19 22:12:47,2026-06-19 22:22:04,2026-06-21 22:30:32,Build A Zoo,Pets,PET 500K/s (SLIME KRYSTAIN) | BUILD A ZOO,mize 14,2000,1,1760,240,False,False,9.283333333333333,2026-06
OD000000161132006,Pesanan selesai,False,2026-06-19 21:24:02,2026-06-19 21:24:12,2026-06-19 21:31:48,2026-06-19 21:32:02,Build A Zoo,Pets,SLIME BELLA EGG | BUILD A ZOO,Ghozt Slebew,700,10,6160,840,False,False,7.6,2026-06
OD000000161132005,Pesanan selesai,False,2026-06-19 21:24:02,2026-06-19 21:24:12,2026-06-19 21:31:41,2026-06-19 21:32:17,Build A Zoo,Pets,PET 800K/s (JURA CRUSHER) | BUILD A ZOO,Ghozt Slebew,3000,1,2640,360,False,False,7.483333333333333,2026-06
OD000000161128272,Pesanan selesai,False,2026-06-19 20:31:22,2026-06-19 20:31:33,2026-06-19 20:35:21,2026-06-19 20:37:39,Build A Zoo,Pets,VALENTINES ELDAR ($500.752/s) | BUILD A ZOO,Ghozt Slebew,2000,1,1760,240,False,False,3.8,2026-06
OD000000161127237,Pesanan selesai,False,2026-06-19 20:17:28,2026-06-19 20:17:42,2026-06-19 20:26:57,2026-06-19 20:32:02,Build A Zoo,Pets,CHRISTMAS AETHER ($358.650/s) | BUILD A ZOO,Ghozt Slebew,1500,1,1320,180,False,False,9.25,2026-06
OD000000161116463,Pesanan selesai,False,2026-06-19 17:51:57,2026-06-19 17:52:14,2026-06-19 17:59:11,2026-06-19 18:24:17,Build A Zoo,Item,MACARON JELLY (SLIME SERIES BIG PET) | BUILD A ZOO,Mfaqihmuttaqin,1200,2,2112,288,False,False,6.95,2026-06
OD000000161115110,Pesanan selesai,False,2026-06-19 17:32:18,2026-06-19 17:33:01,2026-06-19 17:47:46,2026-06-21 18:00:37,Build A Zoo,Pets,VALENTINES ELDAR ($500.752/s) | BUILD A ZOO,Edgar Ayaki Ardillo,2000,2,3520,480,False,False,14.75,2026-06
OD000000161105588,Pesanan selesai,False,2026-06-19 15:17:46,2026-06-19 15:18:06,2026-06-19 15:54:04,2026-06-21 16:10:36,Build A Zoo,Item,CHERRY (VALENTINES MUTATION) | BUILD A ZOO,BAYU TRI saputra,900,5,3960,540,False,False,35.96666666666667,2026-06
OD000000161093315,Pesanan selesai,False,2026-06-19 12:01:03,2026-06-19 12:03:52,2026-06-19 12:23:31,2026-06-19 12:35:50,Build A Zoo,Pets,CHRISTMAS AETHER ($358.650/s) | BUILD A ZOO,Carlos L,1500,1,1320,180,False,False,19.65,2026-06
OD000000161093219,Pesanan selesai,False,2026-06-19 11:58:42,2026-06-19 11:59:10,2026-06-19 12:23:23,2026-06-21 12:30:34,Build A Zoo,Pets,CHRISTMAS AETHER ($358.650/s) | BUILD A ZOO,Clayton ali dionez,1500,2,2640,360,False,False,24.216666666666665,2026-06
OD000000161056791,Pesanan selesai,False,2026-06-18 18:50:15,2026-06-18 18:50:53,2026-06-18 19:58:40,2026-06-20 20:00:33,Build A Zoo,Item,BLOODSTONE CYCAD (CHANCE TO GET COMMON DINO) | BUILD A ZOO,Mao Sing,900,17,13464,1836,False,False,67.78333333333333,2026-06
OD000000161054301,Pesanan selesai,False,2026-06-18 18:11:36,2026-06-18 18:11:51,2026-06-18 18:19:06,2026-06-20 08:36:10,Build A Zoo,Item,FRANKEN KIWI | BUILD A ZOO,BAYU TRI saputra,900,5,3960,540,False,False,7.25,2026-06
OD000000161038007,Pesanan selesai,False,2026-06-18 13:33:33,2026-06-18 13:33:47,2026-06-18 14:45:36,2026-06-20 14:50:38,Build A Zoo,Pets,VALENTINES ELDAR ($500.752/s) | BUILD A ZOO,BAYU TRI saputra,2000,3,5280,720,False,False,71.81666666666666,2026-06
OD000000161028409,Pesanan selesai,False,2026-06-18 10:49:33,2026-06-18 10:50:00,2026-06-18 11:00:39,2026-06-18 11:01:14,Build A Zoo,Pets,VALENTINES KRYNN ($486.240/s) | BUILD A ZOO,CheFRI,1000,2,1760,240,False,False,10.65,2026-06
OD000000161023816,Pesanan selesai,False,2026-06-18 09:08:56,2026-06-18 09:10:42,2026-06-18 09:25:14,2026-06-18 09:26:29,Build A Zoo,Item,MACARON JELLY (SLIME SERIES BIG PET) | BUILD A ZOO,kankieren,1200,12,12672,1728,False,False,14.533333333333333,2026-06
OD000000161021254,Pesanan selesai,False,2026-06-18 07:54:07,2026-06-18 07:56:42,2026-06-18 08:35:56,2026-06-18 08:36:32,Build A Zoo,Pets,PET 500K/s (SLIME KRYSTAIN) | BUILD A ZOO,kankieren,2000,20,35200,4800,False,False,39.233333333333334,2026-06
OD000000161020174,Pesanan selesai,False,2026-06-18 07:06:12,2026-06-18 07:06:58,2026-06-18 08:17:53,2026-06-20 08:20:35,Build A Zoo,Pets,PET 2M/s (VALENTINES ELDAR) | BUILD A ZOO,Sam Shears,50000,1,44000,6000,False,False,70.91666666666667,2026-06
OD000000161020173,Pesanan selesai,False,2026-06-18 07:06:12,2026-06-18 07:06:58,2026-06-18 08:23:16,2026-06-20 08:30:37,Build A Zoo,Pets,SLIME DRAGON EGG (HALLLOWEEN) | BUILD A ZOO,Sam Shears,5000,5,22000,3000,False,False,76.3,2026-06
OD000000161020172,Pesanan selesai,False,2026-06-18 07:06:12,2026-06-18 07:06:58,2026-06-18 08:27:10,2026-06-20 08:30:35,Build A Zoo,Pets,PET 7M/s (CREAM LESHEN) | BUILD A ZOO,Sam Shears,30000,1,26400,3600,False,False,80.2,2026-06
OD000000164615721,Pesanan selesai,False,2026-08-19 22:03:06,2026-08-19 22:10:12,2026-08-20 08:36:02,2026-08-20 08:37:03,Build A Zoo,Pets,EGG EVENT!!! - CREAM DINO EGG | BUILDA ZOO,danmaskus,1000,33,29040,3960,False,False,625.8333333333334,2026-08
OD000000164594010,Pesanan selesai,False,2026-08-19 11:12:09,2026-08-19 11:13:15,2026-08-19 19:24:39,2026-08-19 21:53:33,Build A Zoo,Pets,PET OCEAN LIMITED!!! - SLIME AELIUS ($989.864/s) | BUILD A ZOO,danmaskus,20000,1,17600,2400,False,False,491.4,2026-08
OD000000164591756,Pesanan selesai,False,2026-08-19 09:14:22,2026-08-19 09:15:37,2026-08-19 10:43:17,2026-08-21 10:50:31,Build A Zoo,Pets,SUNBLOSSOM AURELIA EGG | BUILD A ZOO,candra,500,40,17600,2400,False,False,87.66666666666667,2026-08
OD000000164584560,Pesanan selesai,False,2026-08-18 22:50:43,2026-08-18 22:55:11,2026-08-19 10:40:03,2026-08-19 10:44:26,Build A Zoo,Pets,SUNBLOSSOM AURELIA EGG | BUILD A ZOO,danmaskus,500,20,8800,1200,False,False,704.8666666666667,2026-08
OD000000164579887,Pesanan selesai,False,2026-08-18 20:33:17,2026-08-18 20:34:01,2026-08-18 20:40:07,2026-08-20 20:40:36,Build A Zoo,Pets,SUNBLOSSOM AURELIA EGG | BUILD A ZOO,Vino,700,1,616,84,False,False,6.1,2026-08
OD000000164575329,Pesanan selesai,False,2026-08-18 18:48:02,2026-08-18 18:48:27,2026-08-18 19:15:12,2026-08-20 19:20:34,Build A Zoo,Item,VALENTINES SECRED DEER EGG | BUILD A ZOO,dark zero,2000,35,61600,8400,False,False,26.75,2026-08
OD000000164574385,Pesanan selesai,False,2026-08-18 18:25:43,2026-08-18 18:26:14,2026-08-18 18:33:18,2026-08-18 18:41:32,Build A Zoo,Pets,EGG EVENT!!! - SLIME SLIME DRAGON EGG | BUILD A ZOO,Pikachu1,1500,50,66000,9000,False,False,7.066666666666666,2026-08
OD000000164562808,Pesanan selesai,False,2026-08-18 13:26:54,2026-08-18 13:27:32,2026-08-18 18:18:40,2026-08-20 18:20:32,Build A Zoo,Pets,EGG EVENT!!! - CREAM SLIME DRAGON EGG | BUILD A ZOO,Pikachu1,2000,13,22880,3120,False,False,291.1333333333333,2026-08
OD000000164555865,Pesanan selesai,False,2026-08-18 08:58:20,2026-08-18 08:58:49,2026-08-18 09:14:32,2026-08-20 09:20:34,Build A Zoo,Pets,SUNBLOSSOM AURELIA EGG | BUILD A ZOO,candra,700,5,3080,420,False,False,15.716666666666667,2026-08
OD000000164533575,Dana dikembalikan,False,2026-08-17 16:33:05,2026-08-17 16:33:06,,,Build A Zoo,Pets,SUNBLOSSOM AURELIA EGG | BUILD A ZOO,candra,700,3,1848,252,False,False,,2026-08
OD000000164529602,Pesanan selesai,False,2026-08-17 14:55:21,2026-08-17 14:58:21,2026-08-17 17:13:33,2026-08-17 17:16:26,Build A Zoo,Pets,CREAM PETALWING ($707.401/s) | BUILD A ZOO,Yanlii,5000,1,4400,600,False,False,135.2,2026-08
OD000000164529601,Pesanan selesai,False,2026-08-17 14:55:21,2026-08-17 14:58:21,2026-08-17 17:13:28,2026-08-17 17:15:33,Build A Zoo,Pets,JURA VELLIS ($336.684/s) | BUILD A ZOO,Yanlii,30000,1,26400,3600,False,False,135.11666666666667,2026-08
OD000000164501774,Pesanan selesai,False,2026-08-16 21:28:54,2026-08-16 21:29:45,2026-08-17 07:54:23,2026-08-17 07:57:40,Build A Zoo,Pets,EGG EVENT!!! - CREAM SLIME DRAGON EGG | BUILD A ZOO,Pamela Reid,3000,15,39600,5400,False,False,624.6333333333333,2026-08
OD000000164482222,Pesanan selesai,False,2026-08-16 13:58:04,2026-08-16 13:58:34,2026-08-16 15:55:19,2026-08-18 16:00:31,Build A Zoo,Pets,TRIPOD | BUILD A ZOO,Zidan Ramadhan,8000,1,7040,960,False,False,116.75,2026-08
OD000000164482221,Pesanan selesai,False,2026-08-16 13:58:04,2026-08-16 13:58:35,2026-08-16 15:55:13,2026-08-18 16:00:32,Build A Zoo,Pets,PET 1M/s - (HALLOWEEN KRYNN $1.09M/s) | BUILD A ZOO,Zidan Ramadhan,5000,1,4400,600,False,False,116.63333333333334,2026-08
OD000000164471297,Pesanan selesai,False,2026-08-16 09:52:38,2026-08-16 09:53:28,2026-08-16 17:53:13,2026-08-18 18:00:32,Build A Zoo,Item,VALENTINES SECRED DEER EGG | BUILD A ZOO,dark zero,2000,6,10560,1440,False,False,479.75,2026-08
OD000000164464148,Pesanan selesai,False,2026-08-16 04:16:51,2026-08-16 04:17:29,2026-08-16 05:10:38,2026-08-16 05:16:30,Build A Zoo,Pets,EGG EVENT!!! - CREAM SLIME DRAGON EGG | BUILD A ZOO,Mikel Bayu,3000,4,10560,1440,False,False,53.15,2026-08
OD000000164464147,Pesanan selesai,False,2026-08-16 04:16:51,2026-08-16 04:17:30,2026-08-16 05:08:55,2026-08-16 05:21:40,Build A Zoo,Pets,EGG EVENT!!! - SLIME SLIME DRAGON EGG | BUILD A ZOO,Mikel Bayu,2500,5,11000,1500,False,False,51.416666666666664,2026-08
OD000000164463998,Pesanan selesai,False,2026-08-16 03:53:26,2026-08-16 03:54:21,2026-08-16 06:53:40,2026-08-18 07:00:34,Build A Zoo,Item,VALENTINES SECRED DEER EGG | BUILD A ZOO,Vi toria,2000,15,26400,3600,False,False,179.31666666666666,2026-08
OD000000164462623,Pesanan selesai,False,2026-08-16 01:44:48,2026-08-16 01:45:31,2026-08-16 05:10:14,2026-08-18 05:10:34,Build A Zoo,Pets,PET LIMITED!!! - JURA TRIXIE ($352.608/s) | BUILD A ZOO,CropTop V8,35000,1,30800,4200,False,False,204.71666666666667,2026-08
OD000000164427662,Pesanan selesai,False,2026-08-15 11:29:38,2026-08-15 11:30:07,2026-08-15 15:18:49,2026-08-16 14:18:15,Build A Zoo,Pets,EGG EVENT!!! - THANKSGIVING SLIME DRAGON EGG | BUILD A ZOO,Zidan Ramadhan,4000,2,7040,960,False,False,228.7,2026-08
OD000000164427660,Pesanan selesai,False,2026-08-15 11:29:38,2026-08-15 11:30:07,2026-08-15 15:18:43,2026-08-16 14:18:31,Build A Zoo,Pets,EGG EVENT!!! - CREAM SLIME DRAGON EGG | BUILD A ZOO,Zidan Ramadhan,4000,2,7040,960,False,False,228.6,2026-08
OD000000164425113,Pesanan selesai,False,2026-08-15 10:28:06,2026-08-15 10:28:25,2026-08-15 15:01:56,2026-08-15 16:39:20,Build A Zoo,Item,CHERRY (VALENTINES MUTATION) | BUILD A ZOO,abruins2020,600,35,18480,2520,False,False,273.51666666666665,2026-08
OD000000164391405,Dana dikembalikan,False,2026-08-14 16:13:05,2026-08-14 16:14:14,,,Build A Zoo,Pets,SUNBLOSSOM AURELIA EGG | BUILD A ZOO,njay,800,10,7040,960,False,False,,2026-08
OD000000164386314,Dana dikembalikan,False,2026-08-14 14:53:26,2026-08-14 14:54:07,,,Build A Zoo,Item,MINT JELLY (CHANCE TO GET MUTATION SLIME FOR BIG PET) | BUILD A ZOO,EKIK,600,10,5280,720,False,False,,2026-08
OD000000164377496,Pesanan selesai,False,2026-08-14 11:05:36,2026-08-14 11:06:05,2026-08-14 12:46:01,2026-08-14 12:49:16,Build A Zoo,Item,MINT JELLY (CHANCE TO GET MUTATION SLIME FOR BIG PET) | BUILD A ZOO,abruins2020,600,35,18480,2520,False,False,99.93333333333334,2026-08
OD000000164377385,Pesanan selesai,False,2026-08-14 11:02:36,2026-08-14 11:02:58,2026-08-14 12:43:14,2026-08-14 12:49:24,Build A Zoo,Item,PUMPKIN FRUIT (HALLOWEEN MUTATION) + BONUS,abruins2020,600,60,31680,4320,False,False,100.26666666666667,2026-08
OD000000164377342,Pesanan selesai,False,2026-08-14 11:00:58,2026-08-14 11:01:26,2026-08-14 12:45:54,2026-08-14 12:49:30,Build A Zoo,Item,CANDY CANE (CHRISTMAS MUTATION) | BUILD A ZOO,abruins2020,600,40,21120,2880,False,False,104.46666666666667,2026-08
OD000000164375999,Dana dikembalikan,False,2026-08-14 10:10:33,2026-08-14 10:11:32,,,Build A Zoo,Item,FRANKEN KIWI | BUILD A ZOO,Fathfat,800,10,7040,960,False,False,,2026-08
OD000000164370632,Dana dikembalikan,False,2026-08-14 03:54:17,2026-08-14 03:55:03,,,Build A Zoo,Item,YOGURT ICE CREAM (CREAM MUTATION FOR BIG PET) | BUILD A ZOO,Clarissa kirana,800,3,2112,288,False,False,,2026-08
OD000000164370227,Pesanan selesai,False,2026-08-14 02:54:07,2026-08-14 02:55:11,2026-08-14 07:18:32,2026-08-16 07:20:31,Build A Zoo,Pets,SNOW FLOPPY ($504.128/s) | BUILD A ZOO,CropTop V8,30000,1,26400,3600,False,False,263.35,2026-08
OD000000164370223,Pesanan selesai,False,2026-08-14 02:54:07,2026-08-14 02:55:11,2026-08-14 07:18:17,2026-08-16 07:20:32,Build A Zoo,Pets,EGG EVENT!!! - FIRE SLIME DRAGON EGG | BUILD A ZOO,CropTop V8,4000,10,35200,4800,False,False,263.1,2026-08
OD000000164367589,Dana dikembalikan,False,2026-08-13 23:40:04,2026-08-13 23:40:45,,,Build A Zoo,Pets,LUMINA ($30.687/s) | BUILD A ZOO,Becky Graham,15000,1,13200,1800,False,False,,2026-08
OD000000164367588,Pesanan selesai,False,2026-08-13 23:40:04,2026-08-13 23:40:45,2026-08-14 13:22:11,2026-08-15 05:25:06,Build A Zoo,Pets,PET LIMITED!!! - SLIME LYSANDER ($652.410/s) | BUILD A ZOO,Becky Graham,30000,1,26400,3600,False,False,821.4333333333333,2026-08
OD000000164367587,Pesanan selesai,False,2026-08-13 23:40:04,2026-08-13 23:40:45,2026-08-14 13:22:05,2026-08-15 05:25:19,Build A Zoo,Pets,PET LIMITED!!! - SLIME PLESIOSAUR ($268.974/s) | BUILD A ZOO,Becky Graham,20000,1,17600,2400,False,False,821.3333333333334,2026-08
OD000000164366661,Pesanan selesai,False,2026-08-13 22:57:41,2026-08-13 23:02:28,2026-08-14 09:56:51,2026-08-14 10:03:58,Build A Zoo,Pets,SUNBLOSSOM AURELIA EGG | BUILD A ZOO,Katie Hollingsworth,800,100,70400,9600,False,False,654.3833333333333,2026-08
OD000000164366660,Pesanan selesai,False,2026-08-13 22:57:41,2026-08-13 23:02:27,2026-08-14 09:50:34,2026-08-14 10:04:33,Build A Zoo,Item,[BUNDLE] ADMIN’S WILD EGG + BONUS ADMIN’S OCEAN EGG,Katie Hollingsworth,5000,16,70400,9600,False,False,648.1166666666667,2026-08
OD000000164366659,Pesanan selesai,False,2026-08-13 22:57:41,2026-08-13 23:02:27,2026-08-14 09:50:28,2026-08-14 10:04:55,Build A Zoo,Pets,SLIME SWIM EGG | BUILD A ZOO,Katie Hollingsworth,3500,9,27720,3780,False,False,648.0166666666667,2026-08
OD000000164365504,Pesanan selesai,False,2026-08-13 22:11:21,2026-08-13 22:13:12,2026-08-14 07:33:41,2026-08-14 07:34:00,Build A Zoo,Pets,PET 22M/s (CREAM CHOMP) - HARD TO GET!!! | BUILD A ZOO,Guren,800000,1,704000,96000,False,False,560.4833333333333,2026-08
OD000000164365083,Pesanan selesai,False,2026-08-13 21:59:03,2026-08-13 21:59:30,2026-08-14 07:16:08,2026-08-14 08:21:59,Build A Zoo,Pets,SUNBLOSSOM AURELIA EGG | BUILD A ZOO,Pamela Reid,800,30,21120,2880,False,False,556.6333333333333,2026-08
OD000000164365082,Pesanan selesai,False,2026-08-13 21:59:03,2026-08-13 21:59:30,2026-08-14 07:15:27,2026-08-14 08:22:05,Build A Zoo,Pets,CHRISTOPHER ($7.964/s),Pamela Reid,800,1,704,96,False,False,555.95,2026-08
OD000000164365081,Pesanan selesai,False,2026-08-13 21:59:03,2026-08-13 21:59:30,2026-08-14 07:15:11,2026-08-14 08:22:12,Build A Zoo,Pets,SLIME ADMIN'S WILD EGG | BUILD A ZOO,Pamela Reid,4000,12,42240,5760,False,False,555.6833333333333,2026-08
OD000000164365080,Pesanan selesai,False,2026-08-13 21:59:03,2026-08-13 21:59:30,2026-08-14 07:14:42,2026-08-14 08:21:52,Build A Zoo,Pets,EGG EVENT!!! - THANKSGIVING SLIME DRAGON EGG | BUILD A ZOO,Pamela Reid,4000,10,35200,4800,False,False,555.2,2026-08
OD000000164364637,Pesanan selesai,False,2026-08-13 21:46:52,2026-08-13 21:47:15,2026-08-14 12:41:02,2026-08-15 18:08:29,Build A Zoo,Item,PUMPKIN FRUIT (HALLOWEEN MUTATION) + BONUS,Ayisy Raid,600,8,4224,576,False,False,893.7833333333333,2026-08
OD000000164364162,Pesanan selesai,False,2026-08-13 21:33:40,2026-08-13 21:34:07,2026-08-13 21:42:25,2026-08-13 21:55:18,Build A Zoo,Pets,SUNBLOSSOM AURELIA EGG | BUILD A ZOO,Haris Saepudin,800,3,2112,288,False,False,8.3,2026-08
OD000000164337585,Pesanan selesai,False,2026-08-13 07:16:15,2026-08-13 07:16:37,2026-08-13 08:05:58,2026-08-13 08:08:21,Build A Zoo,Pets,SLIME ADMIN’S OCEAN EGG | BUILD A ZOO,abruins2020,3000,14,36960,5040,False,False,49.35,2026-08
OD000000164337333,Pesanan selesai,False,2026-08-13 06:52:50,2026-08-13 06:55:54,2026-08-13 08:09:06,2026-08-13 08:12:06,Build A Zoo,Pets,PET LIMITED!!! - SLIME FAY ($543.067/s) | BUILD A ZOO,graysenmasen24,10000,1,8800,1200,False,False,73.2,2026-08
OD000000164337332,Pesanan selesai,False,2026-08-13 06:52:50,2026-08-13 06:55:54,2026-08-13 08:09:00,2026-08-13 08:12:32,Build A Zoo,Pets,PET LIMITED!!! - SLIME MIRAGE ($464.076/s) | BUILD A  ZOO,graysenmasen24,25000,1,22000,3000,False,False,73.1,2026-08
OD000000164337330,Pesanan selesai,False,2026-08-13 06:52:50,2026-08-13 06:55:54,2026-08-13 08:08:54,2026-08-13 08:12:15,Build A Zoo,Pets,PET LIMITED!!! - SLIME NIMBUS ($317.232/s) | BUILD A ZOO,graysenmasen24,20000,1,17600,2400,False,False,73.0,2026-08
OD000000164337325,Pesanan selesai,False,2026-08-13 06:52:40,2026-08-13 06:53:04,2026-08-13 08:05:17,2026-08-15 08:10:37,Build A Zoo,Item,CANDY CANE (CHRISTMAS MUTATION) | BUILD A ZOO,abruins2020,600,16,8448,1152,False,False,72.21666666666667,2026-08
OD000000164334316,Pesanan selesai,False,2026-08-13 00:33:23,2026-08-13 00:35:17,2026-08-13 12:05:28,2026-08-15 12:10:34,Build A Zoo,Pets,SUNBLOSSOM AURELIA EGG | BUILD A ZOO,njay,1000,5,4400,600,False,False,690.1833333333333,2026-08
OD000000164328761,Pesanan selesai,False,2026-08-12 21:11:05,2026-08-12 21:11:39,2026-08-13 17:20:36,2026-08-15 17:30:34,Build A Zoo,Item,[BUNDLE] ADMIN’S WILD EGG + BONUS ADMIN’S OCEAN EGG,Rizki Hopsah Hidayah,8000,2,14080,1920,False,False,1208.95,2026-08
OD000000164325823,Dana dikembalikan,False,2026-08-12 20:06:27,2026-08-12 20:08:04,,,Build A Zoo,Item,DURIAN (SNOW MUTATIONS  FOR BIG PET) | BUILD A ZOO,Alan Pribadi,600,5,2640,360,False,False,,2026-08
OD000000164306246,Pesanan selesai,False,2026-08-12 11:06:28,2026-08-12 11:07:16,2026-08-12 14:09:25,2026-08-12 14:10:27,Build A Zoo,Pets,EGG EVENT!!! - CREAM SLIME DRAGON EGG | BUILD A ZOO,Mikel Bayu,4000,5,17600,2400,False,False,182.15,2026-08
OD000000164306245,Pesanan selesai,False,2026-08-12 11:06:28,2026-08-12 11:07:16,2026-08-12 14:09:19,2026-08-12 14:10:48,Build A Zoo,Pets,EGG EVENT!!! - SLIME SLIME DRAGON EGG | BUILD A ZOO,Mikel Bayu,4000,5,17600,2400,False,False,182.05,2026-08
OD000000164303532,Pesanan selesai,False,2026-08-12 08:49:57,2026-08-12 08:52:02,2026-08-12 09:09:52,2026-08-12 09:10:20,Build A Zoo,Item,[BUNDLE] ADMIN’S WILD EGG + BONUS ADMIN’S OCEAN EGG,Lionel Phung,8000,2,14080,1920,False,False,17.833333333333332,2026-08
OD000000164303317,Pesanan selesai,False,2026-08-12 08:35:51,2026-08-12 08:36:13,2026-08-12 08:49:45,2026-08-12 08:52:00,Build A Zoo,Pets,SUNBLOSSOM AURELIA EGG | BUILD A ZOO,Nurdiansyah Shiddiq,1000,1,880,120,False,False,13.533333333333333,2026-08
OD000000164300199,Dana dikembalikan,False,2026-08-12 03:32:29,2026-08-12 03:37:12,,,Build A Zoo,Pets,SUNBLOSSOM AURELIA EGG | BUILD A ZOO,graysenmasen24,1000,5,4400,600,False,False,,2026-08
OD000000164299831,Pesanan selesai,False,2026-08-12 02:36:50,2026-08-12 02:37:39,2026-08-12 14:09:54,2026-08-12 14:41:59,Build A Zoo,Pets,PET LIMITED!!! - SLIME MIRAGE ($464.076/s) | BUILD A  ZOO,Becky Graham,25000,1,22000,3000,False,False,692.25,2026-08
OD000000164293335,Dana dikembalikan,False,2026-08-11 21:12:44,2026-08-11 21:13:42,,,Build A Zoo,Item,CHERRY (VALENTINES MUTATION) | BUILD A ZOO,oppongelag74582,600,14,7392,1008,False,False,,2026-08
OD000000164286747,Pesanan selesai,True,2026-08-11 18:54:08,2026-08-11 18:54:54,2026-08-11 19:29:45,2026-08-11 19:30:24,Build A Zoo,Pets,PET 1.5M/s (SLIME CHOMP) | BUILD A ZOO,oppongelag74582,15000,1,13200,1800,False,False,34.85,2026-08
OD000000164275756,Pesanan selesai,False,2026-08-11 14:46:34,2026-08-11 14:47:08,2026-08-11 14:57:35,2026-08-11 14:59:04,Build A Zoo,Pets,SUNBLOSSOM AURELIA EGG | BUILD A ZOO,abruins2020,1000,25,22000,3000,False,False,10.45,2026-08
OD000000164272043,Pesanan selesai,True,2026-08-11 13:03:33,2026-08-11 13:04:14,2026-08-11 13:26:59,2026-08-11 13:28:08,Build A Zoo,Pets,PET 1.5M/s - (SUNBLOSSOM SILAS $1.569M/s) | BUILD A ZOO,oppongelag74582,15000,1,13200,1800,False,False,22.75,2026-08
OD000000164268205,Pesanan selesai,False,2026-08-11 10:38:49,2026-08-11 10:41:46,2026-08-11 14:57:42,2026-08-11 14:59:11,Build A Zoo,Pets,SUNBLOSSOM AURELIA EGG | BUILD A ZOO,abruins2020,1000,50,44000,6000,False,False,255.93333333333334,2026-08
OD000000164264423,Pesanan selesai,False,2026-08-11 07:14:33,2026-08-11 07:15:15,2026-08-11 07:32:37,2026-08-11 07:34:05,Build A Zoo,Item,LEMON POPSICLE (CHANCE TO GET SUNBLOSSOM MUTATION FOR BIG PET) | BUILD A ZOO,Haiqal Imani,1200,10,10560,1440,False,False,17.366666666666667,2026-08
OD000000164264422,Pesanan selesai,False,2026-08-11 07:14:33,2026-08-11 07:15:15,2026-08-11 07:32:31,2026-08-11 07:34:29,Build A Zoo,Item,GINGERBREAD (FOR UNLOCK UNIQUE BIG PET) | BUILD A ZOO,Haiqal Imani,600,20,10560,1440,False,False,17.266666666666666,2026-08
OD000000164257792,Pesanan selesai,False,2026-08-10 22:37:44,2026-08-10 22:38:34,2026-08-11 17:51:06,2026-08-11 18:17:29,Build A Zoo,Pets,SUNBLOSSOM AURELIA EGG | BUILD A ZOO,Becky Graham,1000,20,17600,2400,False,False,1152.5333333333333,2026-08
OD000000164257791,Pesanan selesai,False,2026-08-10 22:37:44,2026-08-10 22:38:34,2026-08-11 17:51:00,2026-08-11 18:17:38,Build A Zoo,Pets,SLIME ADMIN'S WILD EGG | BUILD A ZOO,Becky Graham,7000,10,61600,8400,False,False,1152.4333333333334,2026-08
OD000000164254108,Dana dikembalikan,False,2026-08-10 21:05:59,2026-08-10 21:06:30,,,Build A Zoo,Pets,SUNBLOSSOM AURELIA EGG | BUILD A ZOO,gabutbangoy,1000,2,1760,240,False,False,,2026-08
OD000000164243151,Pesanan selesai,False,2026-08-10 17:42:57,2026-08-10 17:45:32,2026-08-11 13:25:44,2026-08-13 13:30:34,Build A Zoo,Pets,CREAM SEABORN ($511.054/s) | BUILD A ZOO,seantheath,20000,1,17600,2400,False,False,1180.2,2026-08
OD000000164242974,Pesanan selesai,False,2026-08-10 17:39:45,2026-08-10 17:40:41,2026-08-10 18:46:08,2026-08-10 19:02:17,Build A Zoo,Pets,EGG EVENT!!! - CREAM SLIME DRAGON EGG | BUILD A ZOO,Momoyuri Suka,4000,10,35200,4800,False,False,65.45,2026-08
OD000000164242973,Pesanan selesai,False,2026-08-10 17:39:45,2026-08-10 17:40:40,2026-08-10 18:46:26,2026-08-10 19:02:23,Build A Zoo,Pets,SUNBLOSSOM AURELIA EGG | BUILD A ZOO,Momoyuri Suka,1000,10,8800,1200,False,False,65.76666666666667,2026-08
OD000000164242972,Pesanan selesai,False,2026-08-10 17:39:45,2026-08-10 17:40:40,2026-08-10 18:46:37,2026-08-10 19:02:28,Build A Zoo,Pets,VALENTINES SWIM EGG | BUILD A ZOO,Momoyuri Suka,3500,10,30800,4200,False,False,65.95,2026-08
OD000000164225334,Pesanan selesai,False,2026-08-10 10:05:00,2026-08-10 10:06:13,2026-08-10 10:31:34,2026-08-10 12:17:45,Build A Zoo,Item,FRANKEN KIWI | BUILD A ZOO,Bayen,800,20,14080,1920,False,False,25.35,2026-08
OD000000164225333,Pesanan selesai,False,2026-08-10 10:05:00,2026-08-10 10:06:12,2026-08-10 10:31:24,2026-08-10 12:17:52,Build A Zoo,Item,DURIAN (SNOW MUTATIONS  FOR BIG PET) | BUILD A ZOO,Bayen,600,20,10560,1440,False,False,25.2,2026-08
OD000000164224049,Pesanan selesai,False,2026-08-10 09:04:14,2026-08-10 09:08:36,2026-08-10 10:09:49,2026-08-10 10:53:52,Build A Zoo,Item,MACARON JELLY (SLIME SERIES BIG PET) | BUILD A ZOO,dark zero,800,50,35200,4800,False,False,61.21666666666667,2026-08
OD000000164224048,Pesanan selesai,False,2026-08-10 09:04:14,2026-08-10 09:08:36,2026-08-10 10:09:34,2026-08-10 10:54:01,Build A Zoo,Pets,SLIME ADMIN'S WILD EGG | BUILD A ZOO,dark zero,3500,50,154000,21000,False,False,60.96666666666667,2026-08
OD000000164224047,Pesanan selesai,False,2026-08-10 09:04:14,2026-08-10 09:08:36,2026-08-10 10:09:58,2026-08-10 10:54:11,Build A Zoo,Pets,SLIME ADMIN’S OCEAN EGG | BUILD A ZOO,dark zero,1500,50,66000,9000,False,False,61.36666666666667,2026-08
OD000000164223476,Pesanan selesai,False,2026-08-10 08:36:50,2026-08-10 08:38:12,2026-08-10 08:44:41,2026-08-12 08:50:33,Build A Zoo,Item,YOGURT ICE CREAM (CREAM MUTATION FOR BIG PET) | BUILD A ZOO,Kiefer Sanjiro,600,10,5280,720,False,False,6.483333333333333,2026-08
OD000000164220529,Pesanan selesai,False,2026-08-10 04:35:37,2026-08-10 04:36:02,2026-08-10 08:08:20,2026-08-10 14:55:07,Build A Zoo,Pets,FLOWER WHALE EGG | BUILD A ZOO,pamelareid85,15000,2,26400,3600,False,False,212.3,2026-08
OD000000164220528,Pesanan selesai,False,2026-08-10 04:35:37,2026-08-10 04:36:02,2026-08-10 08:08:27,2026-08-12 08:10:33,Build A Zoo,Pets,SLIME DRAGON EGG (NORMAL) | BUILD A ZOO,pamelareid85,800,10,7040,960,False,False,212.41666666666666,2026-08
OD000000164220527,Pesanan selesai,False,2026-08-10 04:35:37,2026-08-10 04:36:02,2026-08-10 08:09:25,2026-08-12 08:10:33,Build A Zoo,Pets,EGG EVENT!!! - CREAM SLIME DRAGON EGG | BUILD A ZOO,pamelareid85,4000,10,35200,4800,False,False,213.38333333333333,2026-08
OD000000164220526,Pesanan selesai,False,2026-08-10 04:35:37,2026-08-10 04:36:02,2026-08-10 08:10:08,2026-08-12 08:10:32,Build A Zoo,Pets,EGG EVENT!!! - SLIME SLIME DRAGON EGG | BUILD A ZOO,pamelareid85,4000,5,17600,2400,False,False,214.1,2026-08
OD000000164219365,Pesanan selesai,False,2026-08-10 01:55:44,2026-08-10 01:56:38,2026-08-10 08:10:02,2026-08-10 08:26:37,Build A Zoo,Pets,SUNBLOSSOM AURELIA EGG | BUILD A ZOO,Vi toria,1000,50,44000,6000,False,False,373.4,2026-08
OD000000164219324,Pesanan selesai,False,2026-08-10 01:51:16,2026-08-10 01:51:20,2026-08-10 08:10:30,2026-08-12 08:20:33,Build A Zoo,Pets,EGG EVENT!!! - CREAM SLIME DRAGON EGG | BUILD A ZOO,Vi toria,4000,5,17600,2400,False,False,379.1666666666667,2026-08
OD000000164218949,Pesanan selesai,False,2026-08-10 01:13:02,2026-08-10 01:14:30,2026-08-10 20:27:54,2026-08-10 20:29:46,Build A Zoo,Pets,PET 100K/s (JURA BRAM) | BUILD A ZOO,fran,10000,1,8800,1200,False,False,1153.4,2026-08
OD000000164218948,Pesanan selesai,False,2026-08-10 01:13:02,2026-08-10 01:14:30,2026-08-10 20:29:21,2026-08-10 20:30:08,Build A Zoo,Item,[BUNDLE] ADMIN’S WILD EGG + BONUS ADMIN’S OCEAN EGG,fran,3500,3,9240,1260,False,False,1154.85,2026-08
OD000000164218947,Pesanan selesai,False,2026-08-10 01:13:02,2026-08-10 01:14:30,2026-08-10 20:27:42,2026-08-10 20:30:22,Build A Zoo,Pets,PRISMATIC CREAMYRA ($34.587/s) | BUILD A ZOO,fran,15000,1,13200,1800,False,False,1153.2,2026-08
OD000000164218385,Dana dikembalikan,False,2026-08-10 00:29:41,2026-08-10 00:31:13,,,Build A Zoo,Item,MACARON JELLY (SLIME SERIES BIG PET) | BUILD A ZOO,jonahtan vargas,600,1,528,72,False,False,,2026-08
OD000000164210576,Pesanan selesai,False,2026-08-09 20:27:48,2026-08-09 20:28:17,2026-08-10 09:52:04,2026-08-10 11:57:07,Build A Zoo,Item,DURIAN (SNOW MUTATIONS  FOR BIG PET) | BUILD A ZOO,Jethro Jeon,600,3,1584,216,False,False,803.7833333333333,2026-08
OD000000164210575,Pesanan selesai,False,2026-08-09 20:27:48,2026-08-09 20:28:17,2026-08-10 09:51:58,2026-08-10 11:57:25,Build A Zoo,Item,FRANKEN KIWI | BUILD A ZOO,Jethro Jeon,600,2,1056,144,False,False,803.6833333333333,2026-08
OD000000164208953,Pesanan selesai,False,2026-08-09 19:56:58,2026-08-09 19:59:09,2026-08-09 20:04:27,2026-08-09 20:05:17,Build A Zoo,Pets,PET LIMITED!!! - SLIME PTEROSAUR ($146.538/s) | BUILD A ZOO,fran,5000,1,4400,600,False,False,5.3,2026-08
OD000000164208952,Pesanan selesai,False,2026-08-09 19:56:58,2026-08-09 19:59:09,2026-08-09 20:04:19,2026-08-09 20:05:51,Build A Zoo,Pets,PET LIMITED!!! - SLIME SPINOSAURUS ($301.410/s) | BUILD A ZOO,fran,20000,1,17600,2400,False,False,5.166666666666667,2026-08
OD000000164208951,Pesanan selesai,False,2026-08-09 19:56:58,2026-08-09 19:59:09,2026-08-09 20:04:14,2026-08-09 20:06:09,Build A Zoo,Pets,PET LIMITED!!! - SLIME TYRANNOSAURUS ($447.444/s) | BUILD A ZOO,fran,15000,1,13200,1800,False,False,5.083333333333333,2026-08
OD000000164191799,Pesanan selesai,False,2026-08-09 13:57:04,2026-08-09 13:57:24,2026-08-09 14:40:56,2026-08-09 14:43:36,Build A Zoo,Item,EGG EVENT!!! - VALENTINES SLIME DRAGON EGG | BUILD A ZOO,Adam Nielsen,8000,15,105600,14400,False,False,43.53333333333333,2026-08
OD000000164188902,Pesanan selesai,False,2026-08-09 12:58:27,2026-08-09 12:59:32,2026-08-09 13:49:11,2026-08-09 13:56:53,Build A Zoo,Pets,SLIME DRAGON EGG (NORMAL) | BUILD A ZOO,graysenmasen24,800,40,28160,3840,False,False,49.65,2026-08
OD000000164188750,Pesanan selesai,False,2026-08-09 12:55:49,2026-08-09 12:56:06,2026-08-09 13:19:18,2026-08-09 13:19:34,Build A Zoo,Pets,THANKSGIVING CORAL TIDE EGG | BUILD A ZOO,Adam Nielsen,800,9,6336,864,False,False,23.2,2026-08
OD000000164188749,Pesanan selesai,False,2026-08-09 12:55:49,2026-08-09 12:56:06,2026-08-09 13:19:24,2026-08-09 13:19:43,Build A Zoo,Pets,HALLOWEEN CORAL TIDE EGG (OCEAN) | BUILD A ZOO,Adam Nielsen,800,9,6336,864,False,False,23.3,2026-08
OD000000164188748,Pesanan selesai,False,2026-08-09 12:55:49,2026-08-09 12:56:06,2026-08-09 13:13:27,2026-08-09 13:19:51,Build A Zoo,Pets,SNOW CORAL TIDE EGG (OCEAN) | BUILD A ZOO,Adam Nielsen,800,31,21824,2976,False,False,17.35,2026-08
OD000000164188747,Pesanan selesai,False,2026-08-09 12:55:49,2026-08-09 12:56:06,2026-08-09 13:11:56,2026-08-09 13:19:59,Build A Zoo,Pets,JURA CORAL TIDE EGG (OCEAN) | BUILD A ZOO,Adam Nielsen,800,31,21824,2976,False,False,15.833333333333334,2026-08
OD000000164188416,Pesanan selesai,False,2026-08-09 12:48:47,2026-08-09 12:51:18,2026-08-09 13:49:04,2026-08-09 13:57:23,Build A Zoo,Pets,SLIME ADMIN'S WILD EGG | BUILD A ZOO,graysenmasen24,4000,5,17600,2400,False,False,57.766666666666666,2026-08
OD000000164185477,Pesanan selesai,False,2026-08-09 11:48:37,2026-08-09 11:49:01,2026-08-09 13:22:21,2026-08-11 13:30:34,Build A Zoo,Item,YOGURT ICE CREAM (CREAM MUTATION FOR BIG PET) | BUILD A ZOO,Syazwan Aqil,600,10,5280,720,False,False,93.33333333333333,2026-08
OD000000164133619,Dana dikembalikan,False,2026-08-08 11:25:12,2026-08-08 11:25:58,,,Build A Zoo,Pets,SLIME DRAGON EGG (NORMAL) | BUILD A ZOO,Vi toria,800,8,5632,768,False,False,,2026-08
OD000000164133324,Pesanan selesai,False,2026-08-08 11:18:44,2026-08-08 11:20:16,2026-08-08 12:00:51,2026-08-10 12:10:32,Build A Zoo,Item,MACARON JELLY (SLIME SERIES BIG PET) | BUILD A ZOO,arwyncabanban,600,5,2640,360,False,False,40.583333333333336,2026-08
OD000000164133321,Pesanan selesai,False,2026-08-08 11:18:44,2026-08-08 11:20:16,2026-08-08 12:00:45,2026-08-10 12:10:31,Build A Zoo,Item,LEMON POPSICLE (CHANCE TO GET SUNBLOSSOM MUTATION FOR BIG PET) | BUILD A ZOO,arwyncabanban,1200,1,1056,144,False,False,40.483333333333334,2026-08
OD000000164131459,Pesanan selesai,False,2026-08-08 10:39:28,2026-08-08 10:41:17,2026-08-08 10:49:47,2026-08-08 11:06:01,Build A Zoo,Item,MACARON JELLY (SLIME SERIES BIG PET) | BUILD A ZOO,arwyncabanban,600,1,528,72,False,False,8.5,2026-08
OD000000164130023,Dana dikembalikan,False,2026-08-08 10:06:00,2026-08-08 10:06:49,,,Build A Zoo,Pets,SLIME DRAGON EGG (ELECTRIC) | BUILD A ZOO,Vi toria,2500,6,13200,1800,False,False,,2026-08
OD000000164130022,Pesanan selesai,False,2026-08-08 10:06:00,2026-08-08 10:06:49,2026-08-08 10:51:11,2026-08-10 11:00:34,Build A Zoo,Pets,EGG EVENT!!! - CREAM SLIME DRAGON EGG | BUILD A ZOO,Vi toria,3500,5,15400,2100,False,False,44.36666666666667,2026-08
OD000000164102681,Dana dikembalikan,False,2026-08-07 18:12:36,2026-08-07 18:13:32,,,Build A Zoo,Pets,PET LIMITED!!! - SLIME FAY ($543.067/s) | BUILD A ZOO,Divany Araujo,10000,1,8800,1200,False,False,,2026-08
OD000000164097149,Dana dikembalikan,False,2026-08-07 16:19:24,2026-08-07 16:20:00,,,Build A Zoo,Item,FRANKEN KIWI | BUILD A ZOO,Kriz Tian,600,10,5280,720,False,False,,2026-08
OD000000164097148,Dana dikembalikan,False,2026-08-07 16:19:24,2026-08-07 16:20:00,,,Build A Zoo,Item,CHERRY (VALENTINES MUTATION) | BUILD A ZOO,Kriz Tian,600,10,5280,720,False,False,,2026-08
OD000000164097147,Dana dikembalikan,False,2026-08-07 16:19:24,2026-08-07 16:20:00,,,Build A Zoo,Item,MACARON JELLY (SLIME SERIES BIG PET) | BUILD A ZOO,Kriz Tian,600,15,7920,1080,False,False,,2026-08
OD000000164097146,Dana dikembalikan,False,2026-08-07 16:19:24,2026-08-07 16:20:00,,,Build A Zoo,Item,[BUNDLE] ADMIN’S WILD EGG + BONUS ADMIN’S OCEAN EGG,Kriz Tian,3000,1,2640,360,False,False,,2026-08
OD000000164086131,Pesanan selesai,False,2026-08-07 12:35:06,2026-08-07 12:35:16,2026-08-07 13:14:24,2026-08-07 13:17:18,Build A Zoo,Item,MACARON JELLY (SLIME SERIES BIG PET) | BUILD A ZOO,banss,600,10,5280,720,False,False,39.13333333333333,2026-08
OD000000164086130,Pesanan selesai,False,2026-08-07 12:35:06,2026-08-07 12:35:16,2026-08-07 13:12:52,2026-08-07 13:17:23,Build A Zoo,Item,FRANKEN KIWI | BUILD A ZOO,banss,600,10,5280,720,False,False,37.6,2026-08
OD000000164086129,Pesanan selesai,False,2026-08-07 12:35:06,2026-08-07 12:35:16,2026-08-07 13:12:30,2026-08-07 13:17:27,Build A Zoo,Item,MINT JELLY (CHANCE TO GET MUTATION SLIME FOR BIG PET) | BUILD A ZOO,banss,600,5,2640,360,False,False,37.233333333333334,2026-08
OD000000164085497,Pesanan selesai,False,2026-08-07 12:15:20,2026-08-07 12:15:35,2026-08-07 13:28:02,2026-08-07 13:31:50,Build A Zoo,Pets,SLIME ADMIN'S WILD EGG | BUILD A ZOO,Muhammad Fikri Rakhamadna,3000,3,7920,1080,False,False,72.45,2026-08
OD000000164084471,Dana dikembalikan,False,2026-08-07 11:44:38,2026-08-07 11:44:42,,,Build A Zoo,Item,MACARON JELLY (SLIME SERIES BIG PET) | BUILD A ZOO,Fandy Septian,600,1,528,72,False,False,,2026-08
OD000000164083767,Dana dikembalikan,False,2026-08-07 11:24:56,2026-08-07 11:25:57,,,Build A Zoo,Item,LEMON POPSICLE (CHANCE TO GET SUNBLOSSOM MUTATION FOR BIG PET) | BUILD A ZOO,Divany Araujo,1200,4,4224,576,False,False,,2026-08
OD000000164082694,Pesanan selesai,False,2026-08-07 10:51:10,2026-08-07 10:51:56,2026-08-07 13:24:24,2026-08-07 13:28:24,Build A Zoo,Pets,EGG EVENT!!! - CREAM SLIME DRAGON EGG | BUILD A ZOO,azimalmazov2,3500,20,61600,8400,False,False,152.46666666666667,2026-08
OD000000164080519,Pesanan selesai,False,2026-08-07 09:28:04,2026-08-07 09:32:02,2026-08-07 10:08:15,2026-08-07 10:13:32,Build A Zoo,Pets,EGG EVENT!!! - SLIME SLIME DRAGON EGG | BUILD A ZOO,azimalmazov2,3500,29,89320,12180,False,False,36.21666666666667,2026-08
OD000000164078085,Pesanan selesai,False,2026-08-07 07:12:30,2026-08-07 07:15:31,2026-08-07 13:20:06,2026-08-07 13:24:28,Build A Zoo,Item,[BUNDLE] ADMIN’S WILD EGG + BONUS ADMIN’S OCEAN EGG,seantheath,3000,6,15840,2160,False,False,364.5833333333333,2026-08
OD000000164076672,Pesanan selesai,False,2026-08-07 05:05:54,2026-08-07 05:06:45,2026-08-07 05:23:11,2026-08-07 05:24:44,Build A Zoo,Pets,EGG EVENT!!! - CREAM SLIME DRAGON EGG | BUILD A ZOO,Shirzx 7k,4000,6,21120,2880,False,False,16.433333333333334,2026-08
OD000000164076508,Pesanan selesai,True,2026-08-07 04:40:05,2026-08-07 04:40:28,2026-08-07 04:41:13,2026-08-07 04:42:09,Build A Zoo,Item,FRANKEN KIWI | BUILD A ZOO,Fahrul 20,600,1,528,72,False,False,0.75,2026-08
OD000000164076507,Pesanan selesai,True,2026-08-07 04:40:05,2026-08-07 04:40:28,2026-08-07 04:41:05,2026-08-07 04:42:30,Build A Zoo,Item,COLOSSAL PINECONE | BUILD A ZOO,Fahrul 20,400,1,352,48,False,False,0.6166666666666667,2026-08
OD000000164076506,Pesanan selesai,True,2026-08-07 04:40:05,2026-08-07 04:40:28,2026-08-07 04:40:57,2026-08-07 04:42:39,Roblox,Item,CRAFT A WORLD (WORLD LOCK),Fahrul 20,200,1,176,24,False,False,0.48333333333333334,2026-08
OD000000164075622,Pesanan selesai,False,2026-08-07 02:22:43,2026-08-07 02:23:33,2026-08-07 08:22:22,2026-08-09 08:30:33,Build A Zoo,Pets,SUNBLOSSOM AURELIA EGG | BUILD A ZOO,Sam Shears,1000,200,176000,24000,False,False,358.81666666666666,2026-08
OD000000164075426,Pesanan selesai,False,2026-08-07 02:02:30,2026-08-07 02:03:06,2026-08-07 13:30:27,2026-08-07 13:51:21,Build A Zoo,Pets,SLIME DRAGON EGG (SNOW) | BUILD A ZOO,Adam Nielsen,4000,50,176000,24000,False,False,687.35,2026-08
OD000000164070254,Dana dikembalikan,False,2026-08-06 21:56:46,2026-08-06 21:57:18,,,Build A Zoo,Item,GINGERBREAD (FOR UNLOCK UNIQUE BIG PET) | BUILD A ZOO,B1,600,10,5280,720,False,False,,2026-08
OD000000164069856,Pesanan selesai,False,2026-08-06 21:45:12,2026-08-06 21:45:33,2026-08-07 09:19:17,2026-08-07 11:41:06,Build A Zoo,Item,VOLT GINKGO (CHANCE TO GET MUTATION JURA FOR BIG PET) | BUILD A ZOO,banss,600,10,5280,720,False,False,693.7333333333333,2026-08
OD000000164069855,Pesanan selesai,False,2026-08-06 21:45:12,2026-08-06 21:45:32,2026-08-07 09:19:05,2026-08-07 11:41:12,Build A Zoo,Item,COLOSSAL PINECONE | BUILD A ZOO,banss,400,10,3520,480,False,False,693.55,2026-08
OD000000164069730,Pesanan selesai,False,2026-08-06 21:41:57,2026-08-06 21:42:49,2026-08-07 13:15:01,2026-08-09 13:20:35,Build A Zoo,Item,VOLT GINKGO (CHANCE TO GET MUTATION JURA FOR BIG PET) | BUILD A ZOO,Muhammad Rajaki salam,600,3,1584,216,False,False,932.2,2026-08
OD000000164056284,Pesanan selesai,False,2026-08-06 17:17:31,2026-08-06 17:18:00,2026-08-06 18:07:46,2026-08-06 18:48:33,Build A Zoo,Item,FRANKEN KIWI | BUILD A ZOO,pamelareid85,600,10,5280,720,False,False,49.766666666666666,2026-08
OD000000164056283,Pesanan selesai,False,2026-08-06 17:17:31,2026-08-06 17:18:00,2026-08-06 18:06:33,2026-08-06 18:48:39,Build A Zoo,Item,[BUNDLE] ADMIN’S WILD EGG + BONUS ADMIN’S OCEAN EGG,pamelareid85,3000,10,26400,3600,False,False,48.55,2026-08
OD000000164056252,Pesanan selesai,False,2026-08-06 17:16:52,2026-08-06 17:18:14,2026-08-06 17:44:27,2026-08-06 17:45:26,Build A Zoo,Item,[BUNDLE] ADMIN’S WILD EGG + BONUS ADMIN’S OCEAN EGG,Guren,3000,50,132000,18000,False,False,26.216666666666665,2026-08
OD000000164048893,Pesanan selesai,False,2026-08-06 14:32:09,2026-08-06 14:32:44,2026-08-06 15:15:38,2026-08-08 15:20:32,Build A Zoo,Item,[BUNDLE] ADMIN’S WILD EGG + BONUS ADMIN’S OCEAN EGG,B1,3000,5,13200,1800,False,False,42.9,2026-08
OD000000164048892,Pesanan selesai,False,2026-08-06 14:32:09,2026-08-06 14:32:45,2026-08-06 15:15:30,2026-08-08 15:20:32,Build A Zoo,Item,VOLT GINKGO (CHANCE TO GET MUTATION JURA FOR BIG PET) | BUILD A ZOO,B1,600,10,5280,720,False,False,42.75,2026-08
OD000000164044725,Pesanan selesai,False,2026-08-06 12:35:41,2026-08-06 12:36:29,2026-08-07 05:23:25,2026-08-07 05:24:53,Build A Zoo,Pets,SLIME ADMIN'S WILD EGG | BUILD A ZOO,Shirzx 7k,2500,20,44000,6000,False,False,1006.9333333333333,2026-08
OD000000164044471,Pesanan selesai,False,2026-08-06 12:27:14,2026-08-06 12:28:12,2026-08-06 14:54:54,2026-08-06 14:55:22,Build A Zoo,Pets,SUNBLOSSOM PETALWING EGG | BUILD A ZOO,Guren,800,20,14080,1920,False,False,146.7,2026-08
OD000000164044470,Pesanan selesai,False,2026-08-06 12:27:14,2026-08-06 12:28:12,2026-08-06 14:54:45,2026-08-06 14:55:29,Build A Zoo,Pets,PET SUPER LIMITED - CREAM SERAPHINA ($577.252/s) | BUILD A ZOO,Guren,450000,1,396000,54000,False,False,146.55,2026-08
OD000000164043632,Pesanan selesai,False,2026-08-06 11:57:57,2026-08-06 11:58:35,2026-08-07 13:28:09,2026-08-07 13:50:44,Build A Zoo,Pets,EGG EVENT!!! - JURA SLIME DRAGON EGG | BUILD A ZOO,Adam Nielsen,3500,30,92400,12600,False,False,1529.5666666666666,2026-08
OD000000164040323,Dana dikembalikan,False,2026-08-06 09:34:57,2026-08-06 09:35:06,,,Build A Zoo,Pets,FIRE PEBBLE ($278.910/s) | BUILD A ZOO,Ahmad Reza,3000,1,2640,360,False,False,,2026-08
OD000000164038744,Pesanan selesai,False,2026-08-06 08:18:32,2026-08-06 08:18:53,2026-08-07 13:54:37,2026-08-08 09:27:42,Build A Zoo,Pets,SLIME ADMIN'S WILD EGG | BUILD A ZOO,Adam Nielsen,2500,100,220000,30000,False,False,1775.7333333333333,2026-08
OD000000164003962,Pesanan selesai,False,2026-08-05 14:06:59,2026-08-05 14:07:00,2026-08-05 14:15:47,2026-08-05 14:25:11,Build A Zoo,Item,DURIAN (SNOW MUTATIONS  FOR BIG PET) | BUILD A ZOO,dark zero,600,10,5280,720,False,False,8.783333333333333,2026-08
OD000000164003807,Pesanan selesai,False,2026-08-05 14:04:04,2026-08-05 14:04:05,2026-08-05 14:15:41,2026-08-05 14:25:18,Build A Zoo,Item,MACARON JELLY (SLIME SERIES BIG PET) | BUILD A ZOO,dark zero,600,20,10560,1440,False,False,11.6,2026-08
OD000000164003640,Pesanan selesai,False,2026-08-05 13:59:39,2026-08-05 13:59:40,2026-08-05 14:15:30,2026-08-05 14:25:26,Build A Zoo,Item,FRANKEN KIWI | BUILD A ZOO,dark zero,600,20,10560,1440,False,False,15.833333333333334,2026-08
OD000000163988609,Dana dikembalikan,False,2026-08-05 01:01:42,2026-08-05 01:02:19,,,Build A Zoo,Pets,THANKSGIVING STRAWYN ($122.191/s) | BUILD A ZOO,Maharani Aliya,5000,1,4400,600,False,False,,2026-08
OD000000163988608,Dana dikembalikan,False,2026-08-05 01:01:42,2026-08-05 01:02:19,,,Build A Zoo,Pets,PET EVENT!!! - SOURIS ($8.654/s) | BUILD A ZOO,Maharani Aliya,1000,1,880,120,False,False,,2026-08
OD000000163987171,Pesanan selesai,False,2026-08-04 23:51:55,2026-08-04 23:52:42,2026-08-05 18:54:25,2026-08-05 19:19:39,Build A Zoo,Pets,PET LIMITED!!! - SLIME FAY ($543.067/s) | BUILD A ZOO,Becky Graham,10000,1,8800,1200,False,False,1141.7166666666667,2026-08
OD000000163987170,Pesanan selesai,False,2026-08-04 23:51:55,2026-08-04 23:52:43,2026-08-05 18:54:16,2026-08-05 19:19:33,Build A Zoo,Pets,PET LIMITED!!! - SLIME BAXTER ($179.532/s) | BUILD A ZOO,Becky Graham,5000,1,4400,600,False,False,1141.55,2026-08
OD000000163987169,Pesanan selesai,False,2026-08-04 23:51:55,2026-08-04 23:52:41,2026-08-05 18:54:21,2026-08-05 19:19:24,Build A Zoo,Pets,LUMINA ($30.687/s) | BUILD A ZOO,Becky Graham,15000,1,13200,1800,False,False,1141.6666666666667,2026-08
OD000000163987168,Pesanan selesai,False,2026-08-04 23:51:55,2026-08-04 23:52:42,2026-08-05 18:54:06,2026-08-05 19:18:33,Build A Zoo,Pets,SLIME ADMIN'S WILD EGG | BUILD A ZOO,Becky Graham,4500,5,19800,2700,False,False,1141.4,2026-08
OD000000163985161,Dana dikembalikan,False,2026-08-04 22:35:40,2026-08-04 22:36:00,,,Build A Zoo,Pets,CHRISTOPHER ($7.964/s),Koswara Singharith chewagron,800,1,704,96,False,False,,2026-08
OD000000163955146,Dana dikembalikan,False,2026-08-04 13:30:42,2026-08-04 13:30:58,,,Build A Zoo,Pets,CREAM CELANDINE ($268.362/s) | BUILD A ZOO,jasonndvn,8000,2,14080,1920,False,False,,2026-08
OD000000163948578,Pesanan selesai,False,2026-08-04 09:39:05,2026-08-04 09:39:36,2026-08-04 10:50:13,2026-08-06 10:50:31,Build A Zoo,Item,[BUNDLE] ADMIN’S WILD EGG + BONUS ADMIN’S OCEAN EGG,Zidan Ramadhan,5000,1,4400,600,False,False,70.61666666666666,2026-08
OD000000163948577,Pesanan selesai,False,2026-08-04 09:39:05,2026-08-04 09:39:37,2026-08-04 10:50:06,2026-08-06 10:50:33,Build A Zoo,Pets,PET LIMITED!!! - SLIME BAXTER ($179.532/s) | BUILD A ZOO,Zidan Ramadhan,5000,1,4400,600,False,False,70.48333333333333,2026-08
OD000000163948576,Pesanan selesai,False,2026-08-04 09:39:05,2026-08-04 09:39:37,2026-08-04 10:49:59,2026-08-06 10:50:33,Build A Zoo,Pets,PET LIMITED!!! - SLIME JARIN ($151.110/s) | BUILD A ZOO,Zidan Ramadhan,5000,1,4400,600,False,False,70.36666666666666,2026-08
OD000000163931493,Pesanan selesai,False,2026-08-03 20:25:35,2026-08-03 20:28:15,2026-08-03 21:07:46,2026-08-03 21:08:05,Build A Zoo,Pets,PET LIMITED!!! - CHRISTMAS VOLTICE ($2.374M/s) | BUILD A ZOO,Guren,60000,1,52800,7200,False,False,39.516666666666666,2026-08
OD000000163929315,Pesanan selesai,False,2026-08-03 19:53:49,2026-08-03 19:54:29,2026-08-03 21:23:07,2026-08-05 21:30:34,Build A Zoo,Pets,SNOW SERAPHINE / KITSUNE ($366.492/s) | BUILD A ZOO,Danil,50000,1,44000,6000,False,False,88.63333333333334,2026-08
OD000000163928027,Pesanan selesai,False,2026-08-03 19:34:59,2026-08-03 19:36:22,2026-08-03 21:22:53,2026-08-05 14:00:19,Build A Zoo,Pets,PET LIMITED!!! - SLIME ZORIEL ($711.360/s) | BUILD A ZOO,dark zero,15000,2,26400,3600,False,False,106.51666666666667,2026-08
OD000000163897738,Pesanan selesai,False,2026-08-03 07:24:06,2026-08-03 07:24:40,2026-08-03 07:40:35,2026-08-05 07:50:34,Build A Zoo,Item,EGG EVENT!!! - CHRISTMAS SLIME DRAGON EGG | BUILD A ZOO,Adam Nielsen,3500,24,73920,10080,False,False,15.916666666666666,2026-08
OD000000163889804,Pesanan selesai,False,2026-08-02 22:37:33,2026-08-02 22:37:55,2026-08-03 09:21:36,2026-08-05 09:31:15,Build A Zoo,Pets,FLOWER WHALE EGG | BUILD A ZOO,Zidan Ramadhan,15000,2,26400,3600,False,False,643.6833333333333,2026-08
OD000000163879876,Pesanan selesai,False,2026-08-02 19:33:52,2026-08-02 19:34:19,2026-08-03 09:21:30,2026-08-05 09:31:12,Build A Zoo,Pets,SLIME ADMIN'S WILD EGG | BUILD A ZOO,Zidan Ramadhan,4500,4,15840,2160,False,False,827.1833333333333,2026-08
OD000000163860641,Pesanan selesai,False,2026-08-02 13:57:52,2026-08-02 13:58:20,2026-08-03 07:40:28,2026-08-05 07:50:33,Build A Zoo,Pets,EGG EVENT!!! - CREAM SLIME DRAGON EGG | BUILD A ZOO,Adam Nielsen,4000,31,109120,14880,False,False,1062.1333333333334,2026-08
OD000000163857069,Pesanan selesai,False,2026-08-02 13:00:33,2026-08-02 13:01:52,2026-08-03 07:39:38,2026-08-03 08:05:32,Build A Zoo,Pets,SLIME DRAGON EGG (ELECTRIC) | BUILD A ZOO,Adam Nielsen,1500,33,43560,5940,False,False,1117.7666666666667,2026-08
OD000000163854058,Pesanan selesai,False,2026-08-02 12:11:31,2026-08-02 12:12:18,2026-08-02 12:23:28,2026-08-04 12:30:34,Build A Zoo,Pets,EGG EVENT!!! - JURA SLIME DRAGON EGG | BUILD A ZOO,Adam Nielsen,2500,50,110000,15000,False,False,11.166666666666666,2026-08
OD000000163853989,Pesanan selesai,False,2026-08-02 12:10:16,2026-08-02 12:10:44,2026-08-02 12:23:03,2026-08-04 12:30:33,Build A Zoo,Item,EGG EVENT!!! - VALENTINES SLIME DRAGON EGG | BUILD A ZOO,Adam Nielsen,4000,18,63360,8640,False,False,12.316666666666666,2026-08
OD000000163853903,Pesanan selesai,False,2026-08-02 12:08:58,2026-08-02 12:09:41,2026-08-02 12:22:58,2026-08-04 12:30:33,Build A Zoo,Pets,SLIME DRAGON EGG (HALLLOWEEN) | BUILD A ZOO,Adam Nielsen,3000,30,79200,10800,False,False,13.283333333333333,2026-08
OD000000163824302,Pesanan selesai,False,2026-08-01 21:45:58,2026-08-01 22:23:15,2026-08-02 13:12:38,2026-08-04 13:20:29,Build A Zoo,Item,ACORN (THANKSGIVING UNIQUE BIG PET) | BUILD A ZOO,buildunnoticed766,600,50,26400,3600,False,False,889.3833333333333,2026-08
OD000000163824301,Pesanan selesai,False,2026-08-01 21:45:58,2026-08-01 22:23:15,2026-08-02 13:12:33,2026-08-04 13:20:29,Build A Zoo,Item,YOGURT ICE CREAM (CREAM MUTATION FOR BIG PET) | BUILD A ZOO,buildunnoticed766,600,150,79200,10800,False,False,889.3,2026-08
OD000000163807444,Pesanan selesai,False,2026-08-01 17:45:52,2026-08-01 17:46:32,2026-08-01 19:50:00,2026-08-03 20:40:38,Build A Zoo,Pets,PACKAGE 2 PET 3M/s (SLIME VEXEL & SLIME ELDAR) | BUILD A ZOO,Sam Shears,180000,1,158400,21600,False,False,123.46666666666667,2026-08
OD000000163807443,Pesanan selesai,False,2026-08-01 17:45:52,2026-08-01 17:46:32,2026-08-01 19:51:26,2026-08-03 20:40:37,Build A Zoo,Item,[BUNDLE] ADMIN’S WILD EGG + BONUS ADMIN’S OCEAN EGG,Sam Shears,5000,50,220000,30000,False,False,124.9,2026-08
OD000000163807442,Pesanan selesai,False,2026-08-01 17:45:52,2026-08-01 17:46:32,2026-08-01 19:50:11,2026-08-03 20:40:37,Build A Zoo,Pets,SUNBLOSSOM PETALWING EGG | BUILD A ZOO,Sam Shears,800,100,70400,9600,False,False,123.65,2026-08
OD000000163807441,Dana dikembalikan,False,2026-08-01 17:45:52,2026-08-01 17:46:32,2026-08-01 19:49:49,,Build A Zoo,Pets,PET OCEAN 1M/s (CREAM BUCCANEER) | BUILD A ZOO,Sam Shears,15000,1,13200,1800,False,False,123.28333333333333,2026-08
OD000000163800782,Dana dikembalikan,False,2026-08-01 15:52:33,2026-08-01 15:52:57,,,Build A Zoo,Pets,PET 300K/s (SNOW CHOMP) | BUILD A ZOO,Zidan Ramadhan,2500,1,2200,300,False,False,,2026-08
OD000000163782729,Pesanan selesai,False,2026-08-01 11:00:42,2026-08-01 11:01:08,2026-08-01 11:37:18,2026-08-01 11:39:25,Build A Zoo,Pets,SUNBLOSSOM PETALWING EGG | BUILD A ZOO,Cherlyn Aqil,800,20,14080,1920,False,False,36.166666666666664,2026-08
OD000000163774576,Pesanan selesai,False,2026-08-01 07:56:11,2026-08-01 07:56:42,2026-08-01 08:32:15,2026-08-01 11:23:29,Build A Zoo,Pets,SUNBLOSSOM PETALWING EGG | BUILD A ZOO,Adam Nielsen,800,100,70400,9600,False,False,35.55,2026-08
OD000000163771279,Pesanan selesai,False,2026-08-01 05:30:21,2026-08-01 05:31:15,2026-08-01 05:48:34,2026-08-03 05:50:35,Build A Zoo,Pets,SUNBLOSSOM PETALWING EGG | BUILD A ZOO,Laher_7,800,25,17600,2400,False,False,17.316666666666666,2026-08
OD000000163767613,Pesanan selesai,False,2026-08-01 00:34:16,2026-08-01 00:35:02,2026-08-01 06:58:58,2026-08-01 07:01:17,Build A Zoo,Pets,CREAM CELANDINE ($268.362/s) | BUILD A ZOO,vitoria,8000,1,7040,960,False,False,383.93333333333334,2026-08
OD000000163767612,Pesanan selesai,False,2026-08-01 00:34:16,2026-08-01 00:35:01,2026-08-01 06:58:53,2026-08-02 01:27:08,Build A Zoo,Pets,PET LIMITED!!! - SLIME ZORIEL ($711.360/s) | BUILD A ZOO,vitoria,15000,1,13200,1800,False,False,383.8666666666667,2026-08
OD000000163734376,Dana dikembalikan,False,2026-07-31 13:33:38,2026-07-31 13:33:40,,,Build A Zoo,Pets,SUNBLOSSOM PETALWING EGG | BUILD A ZOO,radjaalhafsyi,800,30,21120,2880,False,False,,2026-07
OD000000163730721,Dana dikembalikan,False,2026-07-31 12:25:16,2026-07-31 12:27:21,,,Build A Zoo,Pets,SUNBLOSSOM PETALWING EGG | BUILD A ZOO,radjaalhafsyi,800,30,21120,2880,False,False,,2026-07
OD000000163718802,Pesanan selesai,False,2026-07-31 00:38:55,2026-07-31 00:39:43,2026-07-31 08:16:28,2026-08-02 08:20:35,Build A Zoo,Item,MACARON JELLY (SLIME SERIES BIG PET) | BUILD A ZOO,Intan Intancantik,600,2,1056,144,False,False,456.75,2026-07
OD000000163718801,Pesanan selesai,False,2026-07-31 00:38:55,2026-07-31 00:39:43,2026-07-31 08:16:22,2026-08-02 08:20:34,Build A Zoo,Item,VOLT GINKGO (CHANCE TO GET MUTATION JURA FOR BIG PET) | BUILD A ZOO,Intan Intancantik,600,2,1056,144,False,False,456.65,2026-07
OD000000163717775,Pesanan selesai,False,2026-07-30 23:54:22,2026-07-31 00:02:16,2026-07-31 17:50:39,2026-08-02 18:00:31,Build A Zoo,Pets,SLIME ADMIN’S OCEAN EGG | BUILD A ZOO,buildunnoticed766,3000,50,132000,18000,False,False,1068.3833333333334,2026-07
OD000000163717774,Pesanan selesai,False,2026-07-30 23:54:22,2026-07-31 00:02:16,2026-07-31 17:50:33,2026-08-02 18:00:30,Build A Zoo,Item,MINT JELLY (CHANCE TO GET MUTATION SLIME FOR BIG PET) | BUILD A ZOO,buildunnoticed766,600,50,26400,3600,False,False,1068.2833333333333,2026-07
OD000000163694735,Dana dikembalikan,False,2026-07-30 15:13:52,2026-07-30 15:14:17,,,Build A Zoo,Item,YOGURT ICE CREAM (CREAM MUTATION FOR BIG PET) | BUILD A ZOO,radjaalhafsyi,600,2,1056,144,False,False,,2026-07
OD000000163693204,Dana dikembalikan,False,2026-07-30 14:37:33,2026-07-30 14:38:00,,,Build A Zoo,Item,YOGURT ICE CREAM (CREAM MUTATION FOR BIG PET) | BUILD A ZOO,radjaalhafsyi,600,3,1584,216,False,False,,2026-07
OD000000163691035,Pesanan selesai,False,2026-07-30 13:41:20,2026-07-30 13:41:36,2026-07-30 13:59:15,2026-07-31 12:31:23,Build A Zoo,Pets,SUNBLOSSOM PETALWING EGG | BUILD A ZOO,radjaalhafsyi,800,5,3520,480,False,False,17.65,2026-07
OD000000163682321,Pesanan selesai,False,2026-07-30 07:17:29,2026-07-30 07:18:15,2026-07-30 07:42:02,2026-08-01 07:50:33,Build A Zoo,Pets,EGG EVENT!!! - JURA SLIME DRAGON EGG | BUILD A ZOO,Adam Nielsen,2500,45,99000,13500,False,False,23.783333333333335,2026-07
OD000000163675291,Pesanan selesai,False,2026-07-29 22:36:07,2026-07-29 22:37:28,2026-07-30 06:07:51,2026-07-30 06:08:34,Build A Zoo,Pets,PET 5M/s (ELITE CHRISTMAS BLAZE) | BUILD A ZOO,Guren,20000,1,17600,2400,False,False,450.3833333333333,2026-07
OD000000163669240,Pesanan selesai,False,2026-07-29 20:22:27,2026-07-29 20:22:42,2026-07-29 20:30:32,2026-07-31 20:40:36,Build A Zoo,Item,FRANKEN KIWI | BUILD A ZOO,chie wyy_0,600,15,7920,1080,False,False,7.833333333333333,2026-07
OD000000163658421,Pesanan selesai,False,2026-07-29 17:03:39,2026-07-29 17:04:50,2026-07-29 17:16:32,2026-07-31 17:20:34,Build A Zoo,Pets,SNOW SOL ($293.604/s) | BUILD A ZOO,Dhani TRI,20000,2,35200,4800,False,False,11.7,2026-07
OD000000163651319,Pesanan selesai,False,2026-07-29 14:38:32,2026-07-29 14:39:22,2026-07-29 19:53:38,2026-07-29 19:54:30,Build A Zoo,Item,FRANKEN KIWI | BUILD A ZOO,Theone123,600,40,21120,2880,False,False,314.26666666666665,2026-07
OD000000163647091,Pesanan selesai,False,2026-07-29 13:02:03,2026-07-29 13:02:16,2026-07-30 10:29:35,2026-08-01 10:40:32,Build A Zoo,Item,VOLT GINKGO (CHANCE TO GET MUTATION JURA FOR BIG PET) | BUILD A ZOO,Hansen,600,5,2640,360,False,False,1287.3166666666666,2026-07
OD000000163645539,Pesanan selesai,False,2026-07-29 12:12:41,2026-07-29 12:13:37,2026-07-30 06:07:44,2026-07-30 06:47:46,Build A Zoo,Item,VALENTINES SECRED DEER EGG | BUILD A ZOO,Adam Nielsen,2000,5,8800,1200,False,False,1074.1166666666666,2026-07
OD000000163645538,Pesanan selesai,False,2026-07-29 12:12:41,2026-07-29 12:13:37,2026-07-30 06:07:09,2026-08-01 06:10:34,Build A Zoo,Pets,SLIME ADMIN'S WILD EGG | BUILD A ZOO,Adam Nielsen,6500,50,286000,39000,False,False,1073.5333333333333,2026-07
OD000000163639568,Pesanan selesai,False,2026-07-29 07:37:09,2026-07-29 07:38:16,2026-07-29 07:50:42,2026-07-31 08:00:31,Build A Zoo,Pets,SUNBLOSSOM PETALWING EGG | BUILD A ZOO,Laher_7,1000,20,17600,2400,False,False,12.433333333333334,2026-07
OD000000163623505,Pesanan selesai,False,2026-07-28 19:42:12,2026-07-28 19:43:03,2026-07-28 20:05:19,2026-07-29 09:02:48,Build A Zoo,Pets,PET LIMITED!!! - CREAM PRANCER ($726.716/s) | BUILD A ZOO,Muhammad Yazid,50000,1,44000,6000,False,False,22.266666666666666,2026-07
OD000000163617336,Pesanan selesai,False,2026-07-28 18:01:02,2026-07-28 18:09:01,2026-07-28 18:18:49,2026-07-28 18:27:47,Build A Zoo,Item,VOLT GINKGO (CHANCE TO GET MUTATION JURA FOR BIG PET) | BUILD A ZOO,Hansen,600,2,1056,144,False,False,9.8,2026-07
OD000000163617335,Pesanan selesai,False,2026-07-28 18:01:02,2026-07-28 18:09:01,2026-07-28 18:18:32,2026-07-28 18:27:35,Build A Zoo,Pets,PET 300K/s (SNOW CHOMP) | BUILD A ZOO,Hansen,2500,2,4400,600,False,False,9.516666666666667,2026-07
OD000000163617334,Pesanan selesai,False,2026-07-28 18:01:02,2026-07-28 18:09:01,2026-07-28 18:18:26,2026-07-28 18:27:42,Build A Zoo,Pets,ELECTRIC ROACH ($262.112/s) - PET EVENT!!! | BUILD A ZOO,Hansen,1500,1,1320,180,False,False,9.416666666666666,2026-07
OD000000163608016,Pesanan selesai,False,2026-07-28 15:24:27,2026-07-28 15:25:15,2026-07-28 16:26:42,2026-07-28 16:27:12,Build A Zoo,Pets,SNOW SERAPHINE / KITSUNE ($366.492/s) | BUILD A ZOO,Pikachu1,50000,1,44000,6000,False,False,61.45,2026-07
OD000000163576928,Pesanan selesai,False,2026-07-27 20:02:46,2026-07-27 20:03:24,2026-07-28 16:27:09,2026-07-28 16:46:47,Build A Zoo,Pets,SUNBLOSSOM PETALWING EGG | BUILD A ZOO,Becky Graham,1000,10,8800,1200,False,False,1223.75,2026-07
OD000000163576927,Pesanan selesai,False,2026-07-27 20:02:46,2026-07-27 20:03:25,2026-07-28 16:27:04,2026-07-28 16:46:57,Build A Zoo,Pets,TRIPOD | BUILD A ZOO,Becky Graham,8000,1,7040,960,False,False,1223.65,2026-07
OD000000163576926,Pesanan selesai,False,2026-07-27 20:02:46,2026-07-27 20:03:25,2026-07-28 16:26:58,2026-07-28 16:47:04,Build A Zoo,Pets,PET LIMITED!!! - SLIME LORELEI ($556.956/s) | BUILD A ZOO,Becky Graham,20000,1,17600,2400,False,False,1223.55,2026-07
OD000000163576925,Pesanan selesai,False,2026-07-27 20:02:46,2026-07-27 20:03:26,2026-07-28 16:26:48,2026-07-28 16:47:11,Build A Zoo,Pets,PET LIMITED!!! - SLIME ZORIEL ($711.360/s) | BUILD A ZOO,Becky Graham,15000,1,13200,1800,False,False,1223.3666666666666,2026-07
OD000000163576924,Pesanan selesai,False,2026-07-27 20:02:46,2026-07-27 20:03:25,2026-07-28 16:26:33,2026-07-28 16:46:31,Build A Zoo,Pets,PET LIMITED!!! - SLIME MAGNUS ($557.550/s) | BUILD A ZOO,Becky Graham,20000,1,17600,2400,False,False,1223.1333333333334,2026-07
OD000000163556531,Pesanan selesai,False,2026-07-27 14:10:44,2026-07-27 14:11:27,2026-07-27 18:11:19,2026-07-27 18:12:08,Build A Zoo,Pets,SUNBLOSSOM PETALWING EGG | BUILD A ZOO,Theone123,1000,50,44000,6000,False,False,239.86666666666667,2026-07
OD000000163553826,Pesanan selesai,False,2026-07-27 13:07:14,2026-07-27 13:08:13,2026-07-27 13:11:56,2026-07-29 13:20:33,Build A Zoo,Pets,PET LIMITED!!! - SLIME THALYA ($690.642/s) | BUILD A ZOO,el dax,60000,1,52800,7200,False,False,3.716666666666667,2026-07
OD000000163548194,Pesanan selesai,False,2026-07-27 09:42:16,2026-07-27 09:42:35,2026-07-27 15:21:39,2026-07-27 19:31:53,Build A Zoo,Pets,PET LIMITED!!! - SLIME MAGNUS ($557.550/s) | BUILD A ZOO,Muhammad Yazid,20000,1,17600,2400,False,False,339.06666666666666,2026-07
OD000000163547285,Pesanan selesai,False,2026-07-27 09:00:58,2026-07-27 09:01:43,2026-07-27 13:11:50,2026-07-27 13:12:26,Build A Zoo,Item,CHERRY (VALENTINES MUTATION) | BUILD A ZOO,Theone123,600,100,52800,7200,False,False,250.11666666666667,2026-07
OD000000163546831,Pesanan selesai,False,2026-07-27 08:38:14,2026-07-27 08:38:58,2026-07-27 12:51:21,2026-07-27 13:16:53,Build A Zoo,Item,[BUNDLE] ADMIN’S WILD EGG + BONUS ADMIN’S OCEAN EGG,adammnielsen,7000,49,301840,41160,False,False,252.38333333333333,2026-07
OD000000163546156,Pesanan selesai,False,2026-07-27 08:01:49,2026-07-27 08:02:29,2026-07-27 12:51:16,2026-07-29 04:58:02,Build A Zoo,Pets,SLIME ADMIN'S WILD EGG | BUILD A ZOO,adammnielsen,6500,11,62920,8580,False,False,288.78333333333336,2026-07
OD000000163544888,Pesanan selesai,False,2026-07-27 06:24:45,2026-07-27 06:25:41,2026-07-27 12:51:10,2026-07-29 04:58:22,Build A Zoo,Pets,EGG EVENT!!! - JURA SLIME DRAGON EGG | BUILD A ZOO,adammnielsen,8000,10,70400,9600,False,False,385.48333333333335,2026-07
OD000000163541732,Pesanan selesai,False,2026-07-27 00:51:47,2026-07-27 00:52:18,2026-07-27 06:30:19,2026-07-27 06:33:11,Build A Zoo,Pets,PET EVENT!!! - VALENTINES SPLOOSH ($470.768/s) | BUILD A ZOO,kieraanna,15000,1,13200,1800,False,False,338.01666666666665,2026-07
OD000000163541731,Pesanan selesai,False,2026-07-27 00:51:47,2026-07-27 00:52:18,2026-07-27 06:30:24,2026-07-27 06:33:17,Build A Zoo,Pets,DIAMOND CREAMYRA ($172.935/s) | BUILD A ZOO,kieraanna,25000,1,22000,3000,False,False,338.1,2026-07
OD000000163541730,Pesanan selesai,False,2026-07-27 00:51:47,2026-07-27 00:52:18,2026-07-27 06:26:50,2026-07-27 06:28:03,Build A Zoo,Pets,JURA FLOPPY ($378.096/s) | BUILD A ZOO,kieraanna,45000,1,39600,5400,False,False,334.53333333333336,2026-07
OD000000163541729,Pesanan selesai,False,2026-07-27 00:51:47,2026-07-27 00:52:18,2026-07-27 06:29:52,2026-07-27 06:33:25,Build A Zoo,Pets,SNOW YUFFIE - PET EVENT ($227.820/s) | BUILD A ZOO,kieraanna,25000,1,22000,3000,False,False,337.56666666666666,2026-07
OD000000163541728,Pesanan selesai,False,2026-07-27 00:51:47,2026-07-27 00:52:18,2026-07-27 06:25:52,2026-07-27 06:28:48,Build A Zoo,Pets,SNOW PEBBLE ($334.692/s) | BUILD A ZOO,kieraanna,3000,2,5280,720,False,False,333.56666666666666,2026-07
OD000000163527973,Pesanan selesai,False,2026-07-26 19:21:00,2026-07-26 19:22:25,2026-07-26 20:00:39,2026-07-26 20:24:08,Build A Zoo,Pets,ELECTRIC SHADOW ($310.520/s) - PET LIMITED SEASON PASS (CHANCE TO GET ONLY 0.5%) | BUILD A ZOO,pamelareid85,35000,1,30800,4200,False,False,38.233333333333334,2026-07
OD000000163527972,Pesanan selesai,False,2026-07-26 19:21:00,2026-07-26 19:22:25,2026-07-26 20:00:35,2026-07-26 20:24:14,Build A Zoo,Pets,PET 300K/s (SNOW CHOMP) | BUILD A ZOO,pamelareid85,2500,1,2200,300,False,False,38.166666666666664,2026-07
OD000000163527971,Pesanan selesai,False,2026-07-26 19:21:00,2026-07-26 19:22:25,2026-07-26 20:00:28,2026-07-26 20:24:21,Build A Zoo,Pets,CREAM EMERIS ($598.366/s) | BUILD A ZOO,pamelareid85,45000,1,39600,5400,False,False,38.05,2026-07
OD000000163527970,Pesanan selesai,False,2026-07-26 19:21:00,2026-07-26 19:22:25,2026-07-26 20:00:08,2026-07-26 20:02:10,Build A Zoo,Pets,PET LIMITED!!! - SLIME THALYA ($690.642/s) | BUILD A ZOO,pamelareid85,60000,1,52800,7200,False,False,37.71666666666667,2026-07
OD000000163524484,Pesanan selesai,False,2026-07-26 18:24:07,2026-07-26 18:25:14,2026-07-26 19:19:15,2026-07-26 19:19:58,Build A Zoo,Item,SLIME PETALWING EGG | BUILD A ZOO,fatin,1200,4,4224,576,False,False,54.016666666666666,2026-07
OD000000163524483,Pesanan selesai,False,2026-07-26 18:24:07,2026-07-26 18:25:14,2026-07-26 19:19:11,2026-07-26 19:20:06,Build A Zoo,Item,YOGURT ICE CREAM (CREAM MUTATION FOR BIG PET) | BUILD A ZOO,fatin,600,10,5280,720,False,False,53.95,2026-07
OD000000163524347,Pesanan selesai,False,2026-07-26 18:21:50,2026-07-26 18:22:25,2026-07-26 18:45:57,2026-07-26 18:54:27,Build A Zoo,Pets,SUNBLOSSOM PETALWING EGG | BUILD A ZOO,Hanjs,1000,32,28160,3840,False,False,23.533333333333335,2026-07
OD000000163511556,Pesanan selesai,False,2026-07-26 14:32:37,2026-07-26 14:32:51,2026-07-26 14:38:51,2026-07-26 14:59:51,Build A Zoo,Item,CHERRY (VALENTINES MUTATION) | BUILD A ZOO,azka,600,1,528,72,False,False,6.0,2026-07
OD000000163510114,Pesanan selesai,False,2026-07-26 14:07:26,2026-07-26 14:09:42,2026-07-26 14:38:05,2026-07-27 02:57:47,Build A Zoo,Item,VALENTINES SECRED DEER EGG | BUILD A ZOO,adammnielsen,2000,7,12320,1680,False,False,28.383333333333333,2026-07
OD000000163510113,Pesanan selesai,False,2026-07-26 14:07:26,2026-07-26 14:09:42,2026-07-26 14:38:59,2026-07-28 14:40:33,Build A Zoo,Pets,PET OCEAN 1M/s (VALENTINES SEABORN) | BUILD A ZOO,adammnielsen,20000,1,17600,2400,False,False,29.283333333333335,2026-07
OD000000163510112,Pesanan selesai,False,2026-07-26 14:07:26,2026-07-26 14:09:42,2026-07-26 14:39:04,2026-07-28 14:40:37,Build A Zoo,Item,LEMON POPSICLE (CHANCE TO GET SUNBLOSSOM MUTATION FOR BIG PET) | BUILD A ZOO,adammnielsen,1200,22,23232,3168,False,False,29.366666666666667,2026-07
OD000000163482608,Pesanan selesai,False,2026-07-26 00:58:05,2026-07-26 00:58:26,2026-07-26 09:21:45,2026-07-26 09:21:54,Build A Zoo,Pets,PET LIMITED!!! - SLIME DAIYA BEAST / TOOTHLESS ($510.066/s) | BUILD A ZOO,Muhammad Yazid,70000,1,61600,8400,False,False,503.31666666666666,2026-07
OD000000163482607,Pesanan selesai,False,2026-07-26 00:58:05,2026-07-26 00:58:26,2026-07-26 09:21:40,2026-07-26 09:22:02,Build A Zoo,Pets,PET LIMITED!!! - SLIME NIMBUS ($317.232/s) | BUILD A ZOO,Muhammad Yazid,20000,1,17600,2400,False,False,503.23333333333335,2026-07
OD000000163478937,Pesanan selesai,False,2026-07-25 23:11:48,2026-07-25 23:12:21,2026-07-26 07:28:33,2026-07-28 07:40:36,Build A Zoo,Pets,SLIME ADMIN'S WILD EGG | BUILD A ZOO,Vex Vex,6500,2,11440,1560,False,False,496.2,2026-07
OD000000163478809,Pesanan selesai,False,2026-07-25 23:08:31,2026-07-25 23:09:19,2026-07-26 07:28:25,2026-07-28 07:40:36,Build A Zoo,Pets,SLIME ADMIN'S WILD EGG | BUILD A ZOO,Vex Vex,6500,3,17160,2340,False,False,499.1,2026-07
OD000000163477444,Pesanan selesai,False,2026-07-25 22:35:35,2026-07-25 22:36:11,2026-07-25 22:48:54,2026-07-27 22:50:59,Build A Zoo,Pets,SLIME ADMIN'S WILD EGG | BUILD A ZOO,Vex Vex,6500,4,22880,3120,False,False,12.716666666666667,2026-07
OD000000163474953,Pesanan selesai,False,2026-07-25 21:43:39,2026-07-25 21:44:24,2026-07-25 22:22:03,2026-07-25 23:12:21,Build A Zoo,Item,[BUNDLE] ADMIN’S WILD EGG + BONUS ADMIN’S OCEAN EGG,Danielle Meloccaro,7000,50,308000,42000,False,False,37.65,2026-07
OD000000163473838,Pesanan selesai,False,2026-07-25 21:23:23,2026-07-25 21:23:59,2026-07-26 07:36:46,2026-07-26 15:22:52,Build A Zoo,Item,MACARON JELLY (SLIME SERIES BIG PET) | BUILD A ZOO,pamelareid85,600,10,5280,720,False,False,612.7833333333333,2026-07
OD000000163473834,Pesanan selesai,False,2026-07-25 21:23:23,2026-07-25 21:23:59,2026-07-26 07:35:26,2026-07-26 07:38:20,Build A Zoo,Item,LEMON POPSICLE (CHANCE TO GET SUNBLOSSOM MUTATION FOR BIG PET) | BUILD A ZOO,pamelareid85,1200,20,21120,2880,False,False,611.45,2026-07
OD000000163458961,Pesanan selesai,False,2026-07-25 17:43:16,2026-07-25 17:43:27,2026-07-25 18:02:52,2026-07-27 18:10:34,Build A Zoo,Pets,SUNBLOSSOM PETALWING EGG | BUILD A ZOO,B1,1000,12,10560,1440,False,False,19.416666666666668,2026-07
OD000000163454639,Pesanan selesai,False,2026-07-25 16:24:48,2026-07-25 16:25:39,2026-07-25 16:37:57,2026-07-27 16:50:32,Build A Zoo,Item,[BUNDLE] ADMIN’S WILD EGG + BONUS ADMIN’S OCEAN EGG,nurfaizah,7000,1,6160,840,False,False,12.3,2026-07
OD000000163454083,Pesanan selesai,False,2026-07-25 16:13:59,2026-07-25 16:14:34,2026-07-25 16:17:29,2026-07-27 16:20:36,Build A Zoo,Item,MINT JELLY (CHANCE TO GET MUTATION SLIME FOR BIG PET) | BUILD A ZOO,Rino Alfarizi,600,10,5280,720,False,False,2.9166666666666665,2026-07
OD000000163453975,Pesanan selesai,False,2026-07-25 16:11:58,2026-07-25 16:12:56,2026-07-25 16:17:01,2026-07-27 16:20:35,Build A Zoo,Item,YOGURT ICE CREAM (CREAM MUTATION FOR BIG PET) | BUILD A ZOO,Rino Alfarizi,600,15,7920,1080,False,False,4.083333333333333,2026-07
OD000000163453396,Pesanan selesai,False,2026-07-25 16:01:23,2026-07-25 16:02:14,2026-07-25 16:06:20,2026-07-25 16:37:22,Build A Zoo,Item,YOGURT ICE CREAM (CREAM MUTATION FOR BIG PET) | BUILD A ZOO,fatin,600,4,2112,288,False,False,4.1,2026-07
OD000000163453394,Pesanan selesai,False,2026-07-25 16:01:23,2026-07-25 16:02:14,2026-07-25 16:06:14,2026-07-25 16:37:36,Build A Zoo,Item,LEMON POPSICLE (CHANCE TO GET SUNBLOSSOM MUTATION FOR BIG PET) | BUILD A ZOO,fatin,1200,5,5280,720,False,False,4.0,2026-07
OD000000163450821,Pesanan selesai,False,2026-07-25 15:16:40,2026-07-25 15:16:58,2026-07-25 17:09:38,2026-07-27 17:10:32,Build A Zoo,Item,LEMON POPSICLE (CHANCE TO GET SUNBLOSSOM MUTATION FOR BIG PET) | BUILD A ZOO,wilson prasetya,1200,3,3168,432,False,False,112.66666666666667,2026-07
OD000000163436445,Pesanan selesai,False,2026-07-25 11:18:51,2026-07-25 11:19:26,2026-07-25 11:21:30,2026-07-27 11:30:36,Build A Zoo,Pets,SLIME ADMIN'S WILD EGG | BUILD A ZOO,Vex Vex,8000,4,28160,3840,False,False,2.066666666666667,2026-07
OD000000163434774,Pesanan selesai,False,2026-07-25 10:49:12,2026-07-25 10:49:28,2026-07-25 11:06:39,2026-07-25 22:21:32,Build A Zoo,Item,FRANKEN KIWI | BUILD A ZOO,geasyaprillia,600,10,5280,720,False,False,17.183333333333334,2026-07
OD000000163419037,Pesanan selesai,False,2026-07-24 23:18:37,2026-07-24 23:19:10,2026-07-25 06:23:56,2026-07-25 06:25:09,Build A Zoo,Pets,PET LIMITED!!! - SNOW CREAMYRA ($415.044/s) | BUILD A ZOO,kieraanna,55000,1,48400,6600,False,False,424.76666666666665,2026-07
OD000000163419036,Pesanan selesai,False,2026-07-24 23:18:37,2026-07-24 23:19:10,2026-07-25 06:24:15,2026-07-25 06:25:39,Build A Zoo,Pets,PET EVENT!!! - GLAZYN ($33.605/s) | BUILD A ZOO,kieraanna,30000,1,26400,3600,False,False,425.0833333333333,2026-07
OD000000163418334,Pesanan selesai,False,2026-07-24 22:58:00,2026-07-24 22:59:53,2026-07-25 11:58:26,2026-07-27 12:10:34,Build A Zoo,Item,FRANKEN KIWI | BUILD A ZOO,zoowashing777,600,100,52800,7200,False,False,778.55,2026-07
OD000000163398522,Pesanan selesai,False,2026-07-24 17:39:31,2026-07-24 17:40:09,2026-07-24 17:59:47,2026-07-26 18:00:33,Build A Zoo,Pets,SLIME ADMIN'S WILD EGG | BUILD A ZOO,Vex Vex,8000,5,35200,4800,False,False,19.633333333333333,2026-07
OD000000163380446,Pesanan selesai,False,2026-07-24 12:59:52,2026-07-24 13:00:57,2026-07-24 13:05:31,2026-07-26 13:41:03,Build A Zoo,Pets,PET LIMITED!!! - SLIME ZORIEL ($711.360/s) | BUILD A ZOO,Vex Vex,15000,1,13200,1800,False,False,4.566666666666666,2026-07
OD000000163377132,Pesanan selesai,False,2026-07-24 11:50:07,2026-07-24 11:50:44,2026-07-24 13:05:24,2026-07-26 13:40:37,Build A Zoo,Pets,PET LIMITED!!! - SLIME MOROS ($666.738/s) | BUILDA ZOO,Vex Vex,80000,1,70400,9600,False,False,74.66666666666667,2026-07
OD000000163372323,Pesanan selesai,False,2026-07-24 09:25:45,2026-07-24 09:26:20,2026-07-24 09:41:46,2026-07-26 09:50:31,Build A Zoo,Pets,SLIME ADMIN'S WILD EGG | BUILD A ZOO,Vex Vex,8000,4,28160,3840,False,False,15.433333333333334,2026-07
OD000000163368830,Pesanan selesai,False,2026-07-24 06:21:50,2026-07-24 06:22:29,2026-07-24 06:45:47,2026-07-26 07:00:30,Build A Zoo,Pets,PET LIMITED!!! - SLIME INFERNOIR ($628.596/s) | BUILD A ZOO,Sam Shears,60000,1,52800,7200,False,False,23.3,2026-07
OD000000163368829,Pesanan selesai,False,2026-07-24 06:21:50,2026-07-24 06:22:29,2026-07-24 06:45:52,2026-07-26 07:00:30,Build A Zoo,Pets,PET EVENT!!! - SNOW GOBBLES ($495.648/s) | BUILD A ZOO,Sam Shears,150000,1,132000,18000,False,False,23.383333333333333,2026-07
OD000000163368828,Pesanan selesai,False,2026-07-24 06:21:50,2026-07-24 06:22:29,2026-07-24 06:45:57,2026-07-26 07:00:31,Build A Zoo,Pets,PET LIMITED!!! - SLIME LYSANDER ($652.410/s) | BUILD A ZOO,Sam Shears,40000,1,35200,4800,False,False,23.466666666666665,2026-07
OD000000163368827,Pesanan selesai,False,2026-07-24 06:21:50,2026-07-24 06:22:29,2026-07-24 06:45:41,2026-07-26 07:00:30,Build A Zoo,Item,[BUNDLE] ADMIN’S WILD EGG + BONUS ADMIN’S OCEAN EGG,Sam Shears,9000,10,79200,10800,False,False,23.2,2026-07
OD000000163368359,Pesanan selesai,False,2026-07-24 05:51:53,2026-07-24 05:52:52,2026-07-24 07:02:43,2026-07-26 07:20:34,Build A Zoo,Pets,SLIME ADMIN'S WILD EGG | BUILD A ZOO,Vex Vex,8000,6,42240,5760,False,False,69.85,2026-07
OD000000163360029,Dana dikembalikan,False,2026-07-23 22:06:59,2026-07-23 22:07:17,,,Build A Zoo,Pets,SLIME ADMIN’S OCEAN EGG | BUILD A ZOO,Krishnanda,4000,1,3520,480,False,False,,2026-07
OD000000163360026,Dana dikembalikan,False,2026-07-23 22:06:59,2026-07-23 22:07:17,,,Build A Zoo,Pets,TRIPOD | BUILD A ZOO,Krishnanda,8000,1,7040,960,False,False,,2026-07
OD000000163348314,Pesanan selesai,False,2026-07-23 19:10:33,2026-07-23 19:11:32,2026-07-23 19:29:32,2026-07-23 19:38:38,Build A Zoo,Pets,CREAM KAKURE ($183.379/s) | BUILD A ZOO,geasyaprillia,5000,2,8800,1200,False,False,18.0,2026-07
OD000000163335463,Pesanan selesai,False,2026-07-23 15:46:06,2026-07-23 15:46:19,2026-07-23 17:46:26,2026-07-23 18:09:38,Build A Zoo,Item,MACARON JELLY (SLIME SERIES BIG PET) | BUILD A ZOO,geasyaprillia,600,5,2640,360,False,False,120.11666666666666,2026-07
OD000000163334076,Pesanan selesai,False,2026-07-23 15:21:58,2026-07-23 15:22:24,2026-07-23 15:27:05,2026-07-23 15:30:59,Build A Zoo,Item,GINGERBREAD (FOR UNLOCK UNIQUE BIG PET) | BUILD A ZOO,geasyaprillia,600,5,2640,360,False,False,4.683333333333334,2026-07
OD000000163332981,Pesanan selesai,False,2026-07-23 15:05:23,2026-07-23 15:06:12,2026-07-23 15:27:12,2026-07-25 15:30:39,Build A Zoo,Pets,SLIME ADMIN'S WILD EGG | BUILD A ZOO,dania afrina,8000,5,35200,4800,False,False,21.0,2026-07
OD000000163330936,Pesanan selesai,False,2026-07-23 14:30:01,2026-07-23 14:30:46,2026-07-23 15:26:09,2026-07-23 15:31:19,Build A Zoo,Item,FRANKEN KIWI | BUILD A ZOO,geasyaprillia,600,7,3696,504,False,False,55.38333333333333,2026-07
OD000000163306829,Pesanan selesai,False,2026-07-22 21:43:17,2026-07-22 21:43:58,2026-07-24 06:17:46,2026-07-26 06:30:30,Build A Zoo,Item,LEMON POPSICLE (CHANCE TO GET SUNBLOSSOM MUTATION FOR BIG PET) | BUILD A ZOO,Sam Shears,1200,20,21120,2880,False,False,1953.8,2026-07
OD000000163306828,Pesanan selesai,False,2026-07-22 21:43:17,2026-07-22 21:43:59,2026-07-24 06:17:39,2026-07-26 06:30:29,Build A Zoo,Item,[BUNDLE] ADMIN’S WILD EGG + BONUS ADMIN’S OCEAN EGG,Sam Shears,9000,10,79200,10800,False,False,1953.6666666666667,2026-07
OD000000163292939,Pesanan selesai,False,2026-07-22 18:34:37,2026-07-22 18:35:09,2026-07-22 18:47:50,2026-07-22 18:48:14,Build A Zoo,Pets,PET LIMITED!!! - SLIME CYPHER ($714.618/s) | BUILD A ZOO,Zaulian,120000,1,105600,14400,False,False,12.683333333333334,2026-07
OD000000163292834,Pesanan selesai,False,2026-07-22 18:33:12,2026-07-22 18:33:55,2026-07-22 18:47:43,2026-07-22 18:48:28,Build A Zoo,Pets,PET LIMITED!!! - SLIME CAELUM ($1.537M/s) | BUILD A ZOO,Zaulian,150000,1,132000,18000,False,False,13.8,2026-07
OD000000163266530,Pesanan selesai,False,2026-07-22 10:26:14,2026-07-22 10:27:03,2026-07-22 10:53:19,2026-07-24 11:00:31,Build A Zoo,Item,LEMON POPSICLE (CHANCE TO GET SUNBLOSSOM MUTATION FOR BIG PET) | BUILD A ZOO,Dandi Andriyatna,1200,5,5280,720,False,False,26.266666666666666,2026-07
OD000000163266529,Pesanan selesai,False,2026-07-22 10:26:14,2026-07-22 10:27:02,2026-07-22 10:53:13,2026-07-24 11:00:31,Build A Zoo,Item,GINGERBREAD (FOR UNLOCK UNIQUE BIG PET) | BUILD A ZOO,Dandi Andriyatna,600,5,2640,360,False,False,26.183333333333334,2026-07
OD000000163266528,Pesanan selesai,False,2026-07-22 10:26:14,2026-07-22 10:27:02,2026-07-22 10:52:28,2026-07-24 11:00:31,Build A Zoo,Item,FRANKEN KIWI | BUILD A ZOO,Dandi Andriyatna,600,5,2640,360,False,False,25.433333333333334,2026-07
OD000000163254038,Dana dikembalikan,False,2026-07-21 23:33:11,2026-07-21 23:33:24,,,Build A Zoo,Item,MACARON JELLY (SLIME SERIES BIG PET) | BUILD A ZOO,Mochammad Hamzah Fachruzamy,600,2,1056,144,False,False,,2026-07
OD000000163250065,Pesanan selesai,False,2026-07-21 22:04:12,2026-07-21 22:05:18,2026-07-22 19:00:15,2026-07-22 21:10:30,Build A Zoo,Item,MINT JELLY (CHANCE TO GET MUTATION SLIME FOR BIG PET) | BUILD A ZOO,Rino Alfarizi,600,10,5280,720,False,False,1254.95,2026-07
OD000000163249902,Pesanan selesai,False,2026-07-21 22:01:35,2026-07-21 22:02:38,2026-07-22 19:00:09,2026-07-22 21:10:37,Build A Zoo,Item,MACARON JELLY (SLIME SERIES BIG PET) | BUILD A ZOO,Rino Alfarizi,600,15,7920,1080,False,False,1257.5166666666667,2026-07
OD000000163249432,Pesanan selesai,False,2026-07-21 21:53:32,2026-07-21 21:54:15,2026-07-22 06:22:47,2026-07-23 18:18:15,Build A Zoo,Pets,SLIME ADMIN'S WILD EGG | BUILD A ZOO,Mixkx33,8000,13,91520,12480,False,False,508.53333333333336,2026-07
OD000000163199294,Pesanan selesai,False,2026-07-21 06:31:56,2026-07-21 06:32:31,2026-07-21 07:46:54,2026-07-21 07:47:07,Build A Zoo,Item,[BUNDLE] ADMIN’S WILD EGG + BONUS ADMIN’S OCEAN EGG,Danielle Meloccaro,9000,35,277200,37800,False,False,74.38333333333334,2026-07
OD000000163195069,Pesanan selesai,False,2026-07-21 00:33:18,2026-07-21 00:34:01,2026-07-21 06:06:42,2026-07-23 02:32:33,Build A Zoo,Pets,PET LIMITED!!! - SLIME NIMBUS ($317.232/s) | BUILD A ZOO,called-kimi,20000,2,35200,4800,False,False,332.68333333333334,2026-07
OD000000163195000,Pesanan selesai,False,2026-07-21 00:30:17,2026-07-21 00:31:08,2026-07-21 06:06:36,2026-07-23 02:32:49,Build A Zoo,Pets,PET LIMITED!!! - SLIME SIRIUS ($663.336/s) | BUILD A ZOO,called-kimi,60000,1,52800,7200,False,False,335.46666666666664,2026-07
OD000000163194944,Pesanan selesai,False,2026-07-21 00:27:03,2026-07-21 00:28:21,2026-07-21 06:06:29,2026-07-23 02:33:06,Build A Zoo,Pets,SLIME ADMIN'S WILD EGG | BUILD A ZOO,called-kimi,8000,50,352000,48000,False,False,338.1333333333333,2026-07
OD000000163184629,Pesanan selesai,False,2026-07-20 20:36:37,2026-07-20 20:37:27,2026-07-20 20:42:53,2026-07-20 20:43:57,Build A Zoo,Item,LEMON POPSICLE (CHANCE TO GET SUNBLOSSOM MUTATION FOR BIG PET) | BUILD A ZOO,Danielle Meloccaro,1200,25,26400,3600,False,False,5.433333333333334,2026-07
OD000000163178256,Pesanan selesai,False,2026-07-20 19:21:46,2026-07-20 19:23:08,2026-07-20 20:00:05,2026-07-22 03:52:23,Build A Zoo,Pets,SLIME ADMIN'S WILD EGG | BUILD A ZOO,Mixkx33,8000,100,704000,96000,False,False,36.95,2026-07
OD000000163172005,Pesanan selesai,False,2026-07-20 18:06:25,2026-07-20 18:09:30,2026-07-20 18:22:37,2026-07-20 18:22:53,Build A Zoo,Item,FRANKEN KIWI | BUILD A ZOO,austinyabut1982,600,25,13200,1800,False,False,13.116666666666667,2026-07
OD000000163150278,Pesanan selesai,False,2026-07-20 13:29:00,2026-07-20 13:29:21,2026-07-20 14:07:56,2026-07-20 14:08:41,Build A Zoo,Item,CANDY CANE (CHRISTMAS MUTATION) | BUILD A ZOO,drga biantara,700,5,3080,420,False,False,38.583333333333336,2026-07
OD000000163150277,Pesanan selesai,False,2026-07-20 13:29:00,2026-07-20 13:29:21,2026-07-20 14:07:51,2026-07-20 14:08:06,Build A Zoo,Item,DURIAN (SNOW MUTATIONS  FOR BIG PET) | BUILD A ZOO,drga biantara,600,5,2640,360,False,False,38.5,2026-07
OD000000163150276,Pesanan selesai,False,2026-07-20 13:29:00,2026-07-20 13:29:21,2026-07-20 14:07:45,2026-07-20 14:10:08,Build A Zoo,Item,GINGERBREAD (FOR UNLOCK UNIQUE BIG PET) | BUILD A ZOO,drga biantara,600,10,5280,720,False,False,38.4,2026-07
OD000000163150275,Pesanan selesai,False,2026-07-20 13:29:00,2026-07-20 13:29:21,2026-07-20 14:07:39,2026-07-20 14:10:16,Build A Zoo,Item,CANDY CORN (HALLOWEEN SERIES BIG PET) | BUILD A ZOO,drga biantara,600,5,2640,360,False,False,38.3,2026-07
OD000000163133833,Pesanan selesai,False,2026-07-20 04:44:16,2026-07-20 04:46:40,2026-07-20 07:33:00,2026-07-20 07:33:16,Build A Zoo,Item,[BUNDLE] ADMIN’S WILD EGG + BONUS ADMIN’S OCEAN EGG,Danielle Meloccaro,8000,40,281600,38400,False,False,166.33333333333334,2026-07
OD000000165834641,Konfirmasi pembeli,False,2026-09-19 23:34:50,2026-09-19 23:37:17,2026-09-20 08:28:40,,Build A Zoo,Pets,PET LIMITED!!! - SLIME SIRIUS ($663.336/s) | BUILD A ZOO,Helmy Haikal,40000,1,35200,4800,False,False,531.3833333333333,2026-09
OD000000165833807,Konfirmasi pembeli,False,2026-09-19 23:08:28,2026-09-19 23:09:02,2026-09-20 05:12:55,,Build A Zoo,Pets,PET EVENT!!! - GLAZYN ($33.605/s) | BUILD A ZOO,Lynn geasley,30000,1,26400,3600,False,False,363.8833333333333,2026-09
OD000000165833806,Konfirmasi pembeli,False,2026-09-19 23:08:28,2026-09-19 23:09:03,2026-09-20 05:12:51,,Build A Zoo,Pets,PET LIMITED!!! - SNOW ALPINA ($298.740/s) | BUILD A ZOO,Lynn geasley,30000,1,26400,3600,False,False,363.8,2026-09
OD000000165833804,Konfirmasi pembeli,False,2026-09-19 23:08:28,2026-09-19 23:09:03,2026-09-20 05:12:45,,Build A Zoo,Pets,PET EVENT!!! - CREAM BRONTOSAURUS (242.930/s) | BUILD A ZOO,Lynn geasley,75000,1,66000,9000,False,False,363.7,2026-09
OD000000165833803,Konfirmasi pembeli,False,2026-09-19 23:08:28,2026-09-19 23:09:03,2026-09-20 05:12:41,,Build A Zoo,Pets,PRISMATIC LAPISAR ($32.056/s) | BUILD A ZOO,Lynn geasley,15000,1,13200,1800,False,False,363.6333333333333,2026-09
OD000000165833802,Konfirmasi pembeli,False,2026-09-19 23:08:28,2026-09-19 23:09:02,2026-09-20 05:12:35,,Build A Zoo,Pets,PET LIMITED!!! - CREAM TYRANNOSAURUS (422.586/s) | BUILD A ZOO,Lynn geasley,80000,1,70400,9600,False,False,363.55,2026-09
OD000000165833801,Konfirmasi pembeli,False,2026-09-19 23:08:28,2026-09-19 23:09:03,2026-09-20 05:12:31,,Build A Zoo,Pets,PET LIMITED!!! - GOLDEN SCOOPGON ($112.496/s) | BUILD A ZOO,Lynn geasley,8000,2,14080,1920,False,False,363.46666666666664,2026-09
OD000000165833800,Konfirmasi pembeli,False,2026-09-19 23:08:28,2026-09-19 23:09:03,2026-09-20 05:12:26,,Build A Zoo,Pets,PET LIMITED!!! - CREAM TRIXIE ($911.522/s) | BUILD A ZOO,Lynn geasley,60000,1,52800,7200,False,False,363.3833333333333,2026-09
OD000000165833799,Konfirmasi pembeli,False,2026-09-19 23:08:28,2026-09-19 23:09:03,2026-09-20 05:12:17,,Build A Zoo,Pets,PET LIMITED!!! - ELECTRIC SCOOPGON ($351.498/s) | BUILD A ZOO,Lynn geasley,4500,1,3960,540,False,False,363.23333333333335,2026-09
OD000000165833798,Konfirmasi pembeli,False,2026-09-19 23:08:28,2026-09-19 23:09:03,2026-09-20 05:12:06,,Build A Zoo,Pets,PET LIMITED!!! - SNOW SCOOPGON ($450.020/s) | BUILD A ZOO,Lynn geasley,8000,1,7040,960,False,False,363.05,2026-09
OD000000165833797,Konfirmasi pembeli,False,2026-09-19 23:08:28,2026-09-19 23:09:02,2026-09-20 05:11:02,,Build A Zoo,Pets,PET LIMITED!!! - DIAMOND ALPINA ($215.438/s) | BUILD A ZOO,Lynn geasley,10000,1,8800,1200,False,False,362.0,2026-09
OD000000165833796,Konfirmasi pembeli,False,2026-09-19 23:08:28,2026-09-19 23:09:02,2026-09-20 05:10:36,,Build A Zoo,Pets,PET LIMITED!!! - FIRE BURTLE ($180.930/s) | BUILD A ZOO,Lynn geasley,20000,1,17600,2400,False,False,361.56666666666666,2026-09
OD000000165833795,Konfirmasi pembeli,False,2026-09-19 23:08:28,2026-09-19 23:09:03,2026-09-20 05:10:26,,Build A Zoo,Pets,FIRE NOEL ($252.742/s) | BUILD A ZOO,Lynn geasley,15000,1,13200,1800,False,False,361.3833333333333,2026-09
OD000000165833794,Konfirmasi pembeli,False,2026-09-19 23:08:28,2026-09-19 23:09:03,2026-09-20 05:10:11,,Build A Zoo,Pets,HIDDEN PET!!! - SNOW MELLOW ($4259.956/s) | BUILD A ZOO,Lynn geasley,10000,1,8800,1200,False,False,361.1333333333333,2026-09
OD000000165833793,Konfirmasi pembeli,False,2026-09-19 23:08:28,2026-09-19 23:09:03,2026-09-20 05:10:07,,Build A Zoo,Pets,HIDDEN PET!!! - FIRE MELLOW ($216.630/s) | BUILD A ZOO,Lynn geasley,5000,1,4400,600,False,False,361.06666666666666,2026-09
OD000000165833792,Konfirmasi pembeli,False,2026-09-19 23:08:28,2026-09-19 23:09:03,2026-09-20 05:09:30,,Build A Zoo,Pets,PET LIMITED!!! - SNOW JUGGLE ($372.213/s) | BUILD A ZOO,Lynn geasley,17000,1,14960,2040,False,False,360.45,2026-09
OD000000165825370,Konfirmasi pembeli,False,2026-09-19 19:56:18,2026-09-19 20:02:20,2026-09-19 20:28:15,,Build A Zoo,Pets,HALLOWEEN SHADOW ($558.936/s) - PET LIMITED SEASON PASS (CHANCE TO GET ONLY 0.5%) | BUILD A ZOO,graysenmasen24,50000,1,44000,6000,False,False,25.916666666666668,2026-09
OD000000165823840,Konfirmasi pembeli,False,2026-09-19 19:25:31,2026-09-19 19:26:23,2026-09-19 20:18:22,,Build A Zoo,Pets,EGG EVENT!!! - STELLAR SLIME DRAGON EGG | BUILD A ZOO,Becky Graham,10000,6,52800,7200,False,False,51.983333333333334,2026-09
OD000000165797848,Pesanan selesai,False,2026-09-19 08:59:07,2026-09-19 08:59:48,2026-09-19 09:21:59,2026-09-21 09:30:30,Build A Zoo,Item,MACARON JELLY (SLIME SERIES BIG PET) | BUILD A ZOO,Kobe Noori,800,100,70400,9600,False,False,22.183333333333334,2026-09
OD000000165797847,Pesanan selesai,False,2026-09-19 08:59:07,2026-09-19 08:59:48,2026-09-19 09:21:49,2026-09-21 09:30:31,Build A Zoo,Item,BLUEBERRY CAKE (CHANCE TO GET STELLAR MUTATION FOR BIG PET) | BUILD A ZOO,Kobe Noori,1200,3,3168,432,False,False,22.016666666666666,2026-09
OD000000165797846,Pesanan selesai,False,2026-09-19 08:59:07,2026-09-19 08:59:48,2026-09-19 09:21:54,2026-09-21 09:30:32,Build A Zoo,Pets,STELLAR AURELIA EGG | BUILD A ZOO,Kobe Noori,400,200,70400,9600,False,False,22.1,2026-09
OD000000165750677,Pesanan selesai,False,2026-09-18 09:30:47,2026-09-18 09:31:03,2026-09-18 09:46:38,2026-09-18 09:47:04,Build A Zoo,Pets,PET 500K/s (SLIME SENTINEL) | BUILD A ZOO,Antonius Daniel,500,1,440,60,False,False,15.583333333333334,2026-09
OD000000165750676,Pesanan selesai,False,2026-09-18 09:30:47,2026-09-18 09:31:03,2026-09-18 09:46:33,2026-09-18 09:46:58,Build A Zoo,Pets,PET 600K/s - STELLAR ELDAR ($625.940/s) | BUILD A ZOO,Antonius Daniel,500,4,1760,240,False,False,15.5,2026-09
OD000000165711112,Pesanan selesai,False,2026-09-17 04:25:56,2026-09-17 04:27:04,2026-09-17 05:56:57,2026-09-17 06:05:01,Build A Zoo,Pets,PET LIMITED!!! - VALENTINES JESTER ($580.355/s) | BUILDA ZOO,graysenmasen24,25000,1,22000,3000,False,False,89.88333333333334,2026-09
OD000000165705630,Pesanan selesai,False,2026-09-16 22:09:57,2026-09-16 22:11:17,2026-09-17 13:29:01,2026-09-17 13:48:50,Build A Zoo,Pets,STELLAR AURELIA EGG | BUILD A ZOO,yuki mirai123,400,150,52800,7200,False,False,917.7333333333333,2026-09
OD000000165705394,Pesanan selesai,False,2026-09-16 22:03:30,2026-09-16 22:03:49,2026-09-17 15:12:19,2026-09-17 15:18:51,Build A Zoo,Pets,PET 600K/s - STELLAR SENTINEL ($633.480/s) | BUILD A ZOO,dzakiputraajami9998843,500,10,4400,600,False,False,1028.5,2026-09
OD000000165678028,Pesanan selesai,False,2026-09-16 10:08:13,2026-09-16 10:08:35,2026-09-16 10:50:09,2026-09-16 10:56:59,Build A Zoo,Item,CHERRY (VALENTINES MUTATION) | BUILD A ZOO,savira,600,30,15840,2160,False,False,41.56666666666667,2026-09
OD000000165677893,Pesanan selesai,False,2026-09-16 10:02:22,2026-09-16 10:02:45,2026-09-16 10:50:03,2026-09-16 10:57:04,Build A Zoo,Item,VOLT GINKGO (CHANCE TO GET MUTATION JURA FOR BIG PET) | BUILD A ZOO,savira,600,30,15840,2160,False,False,47.3,2026-09
OD000000165677781,Pesanan selesai,False,2026-09-16 09:57:18,2026-09-16 09:57:46,2026-09-16 10:49:37,2026-09-16 10:57:27,Build A Zoo,Pets,EGG EVENT!!! - CREAM SLIME DRAGON EGG | BUILD A ZOO,savira,3500,4,12320,1680,False,False,51.85,2026-09
OD000000165677739,Pesanan selesai,False,2026-09-16 09:55:10,2026-09-16 09:56:05,2026-09-16 10:49:30,2026-09-16 10:57:31,Build A Zoo,Pets,VALENTINES DINO EGG | BUILD A ZOO,savira,2000,5,8800,1200,False,False,53.416666666666664,2026-09
OD000000165676409,Pesanan selesai,False,2026-09-16 08:49:11,2026-09-16 08:49:50,2026-09-16 13:09:30,2026-09-18 13:10:34,Build A Zoo,Item,MACARON JELLY (SLIME SERIES BIG PET) | BUILD A ZOO,Zidan Ramadhan,600,15,7920,1080,False,False,259.6666666666667,2026-09
OD000000165676407,Pesanan selesai,False,2026-09-16 08:49:11,2026-09-16 08:49:50,2026-09-16 13:09:24,2026-09-18 13:10:34,Build A Zoo,Pets,PET 7M/s - THANKSGIVING RIFFCROW ($7.485M/s) | BUILD A ZOO,Zidan Ramadhan,20000,1,17600,2400,False,False,259.56666666666666,2026-09
OD000000165669130,Pesanan selesai,False,2026-09-15 23:02:42,2026-09-15 23:10:57,2026-09-16 07:24:40,2026-09-16 07:26:15,Build A Zoo,Pets,PET EVENT!!! - GOLDEN GLAZYN ($134.420/s) | BUILD A ZOO,Mynewhahoogray,50000,1,44000,6000,False,False,493.71666666666664,2026-09
OD000000165669129,Pesanan selesai,False,2026-09-15 23:02:42,2026-09-15 23:10:57,2026-09-16 07:24:21,2026-09-16 07:25:31,Build A Zoo,Pets,JURA FLOPPY ($378.096/s) | BUILD A ZOO,Mynewhahoogray,45000,1,39600,5400,False,False,493.4,2026-09
OD000000165650438,Pesanan selesai,False,2026-09-15 15:18:46,2026-09-15 15:19:16,2026-09-15 16:45:36,2026-09-15 17:36:31,Build A Zoo,Pets,STELLAR AURELIA EGG | BUILD A ZOO,savira,400,50,17600,2400,False,False,86.33333333333333,2026-09
OD000000165616143,Pesanan selesai,False,2026-09-14 15:55:15,2026-09-14 15:55:41,2026-09-14 18:21:44,2026-09-14 18:22:44,Build A Zoo,Pets,STELLAR AURELIA EGG | BUILD A ZOO,Jajie,400,150,52800,7200,False,False,146.05,2026-09
OD000000165612327,Pesanan selesai,False,2026-09-14 14:13:44,2026-09-14 14:15:00,2026-09-14 15:21:00,2026-09-16 15:40:31,Build A Zoo,Item,MACARON JELLY (SLIME SERIES BIG PET) | BUILD A ZOO,Kobe Noori,600,40,21120,2880,False,False,66.0,2026-09
OD000000165612326,Dana dikembalikan,False,2026-09-14 14:13:44,2026-09-14 14:15:00,,,Build A Zoo,Pets,PET EVENT!!! - GLAZYN ($33.605/s) | BUILD A ZOO,Kobe Noori,30000,1,26400,3600,False,False,,2026-09
OD000000165611933,Pesanan selesai,False,2026-09-14 14:02:22,2026-09-14 14:02:58,2026-09-14 15:20:55,2026-09-16 15:40:32,Build A Zoo,Pets,EGG EVENT!!! - THANKSGIVING SLIME DRAGON EGG | BUILD A ZOO,Kobe Noori,1500,9,11880,1620,False,False,77.95,2026-09
OD000000165611932,Pesanan selesai,False,2026-09-14 14:02:22,2026-09-14 14:02:58,2026-09-14 15:20:49,2026-09-16 15:40:34,Build A Zoo,Pets,EGG EVENT!!! - SLIME SLIME DRAGON EGG | BUILD A ZOO,Kobe Noori,2000,16,28160,3840,False,False,77.85,2026-09
OD000000165611931,Pesanan selesai,False,2026-09-14 14:02:22,2026-09-14 14:02:58,2026-09-14 15:20:44,2026-09-16 15:40:31,Build A Zoo,Pets,SLIME DRAGON EGG (SNOW) | BUILD A ZOO,Kobe Noori,2500,20,44000,6000,False,False,77.76666666666667,2026-09
OD000000165611930,Pesanan selesai,False,2026-09-14 14:02:22,2026-09-14 14:02:58,2026-09-14 15:20:39,2026-09-16 15:40:32,Build A Zoo,Pets,EGG EVENT!!! - ELECTRIC SLIME DRAGON EGG | BUILD A ZOO,Kobe Noori,1000,17,14960,2040,False,False,77.68333333333334,2026-09
OD000000165586783,Pesanan selesai,False,2026-09-13 18:37:20,2026-09-13 18:37:59,2026-09-13 18:55:18,2026-09-13 18:59:05,Build A Zoo,Pets,STELLAR AURELIA EGG | BUILD A ZOO,Jajie,400,150,52800,7200,False,False,17.316666666666666,2026-09
OD000000165560303,Pesanan selesai,False,2026-09-13 07:38:42,2026-09-13 07:41:13,2026-09-13 12:09:35,2026-09-15 12:10:32,Build A Zoo,Pets,STELLAR AURELIA EGG | BUILD A ZOO,cameronotpk,400,350,123200,16800,False,False,268.3666666666667,2026-09
OD000000165556384,Pesanan selesai,False,2026-09-13 02:17:59,2026-09-13 02:19:57,2026-09-13 09:04:55,2026-09-15 09:10:33,Build A Zoo,Pets,PET LIMITED!!! - SLIME DAIYA BEAST / TOOTHLESS ($510.066/s) | BUILD A ZOO,cameronotpk,40000,1,35200,4800,False,False,404.96666666666664,2026-09
OD000000165556383,Pesanan selesai,False,2026-09-13 02:17:59,2026-09-13 02:19:57,2026-09-13 09:04:45,2026-09-15 09:10:33,Build A Zoo,Pets,EGG EVENT!!! - SLIME SLIME DRAGON EGG | BUILD A ZOO,cameronotpk,1500,1,1320,180,False,False,404.8,2026-09
OD000000165556382,Pesanan selesai,False,2026-09-13 02:17:59,2026-09-13 02:19:57,2026-09-13 09:03:03,2026-09-15 09:10:34,Build A Zoo,Item,EGG EVENT!!! - CHRISTMAS SLIME DRAGON EGG | BUILD A ZOO,cameronotpk,8000,3,21120,2880,False,False,403.1,2026-09
OD000000165549274,Pesanan selesai,False,2026-09-12 21:45:02,2026-09-12 21:46:26,2026-09-13 15:17:12,2026-09-13 15:23:19,Build A Zoo,Pets,SLIME SACRED DEER EGG | BUILD A ZOO,Lynn geasley,2000,4,7040,960,False,False,1050.7666666666667,2026-09
OD000000165549273,Pesanan selesai,False,2026-09-12 21:45:02,2026-09-12 21:46:26,2026-09-13 15:17:07,2026-09-13 15:23:56,Build A Zoo,Pets,PET EVENT!!! - ELECTRIC GLAZYN ($403.260/s) | BUILD A ZOO,Lynn geasley,80000,1,70400,9600,False,False,1050.6833333333334,2026-09
OD000000165549271,Pesanan selesai,False,2026-09-12 21:45:02,2026-09-12 21:46:26,2026-09-13 15:17:01,2026-09-13 15:23:38,Build A Zoo,Pets,ELECTRIC ZORVATH ($442.221/s) | BUILD A ZOO,Lynn geasley,20000,1,17600,2400,False,False,1050.5833333333333,2026-09
OD000000165549270,Pesanan selesai,False,2026-09-12 21:45:02,2026-09-12 21:46:26,2026-09-13 15:16:55,2026-09-13 15:24:09,Build A Zoo,Pets,PET LIMITED!!! - SLIME CAELUM ($627.534/s) | BUILD A ZOO,Lynn geasley,50000,1,44000,6000,False,False,1050.4833333333333,2026-09
OD000000165549269,Pesanan selesai,False,2026-09-12 21:45:02,2026-09-12 21:46:26,2026-09-13 15:16:50,2026-09-15 15:20:32,Build A Zoo,Pets,VALENTINES ZORVATH ($544.272/s) | BUILD A ZOO,Lynn geasley,35000,1,30800,4200,False,False,1050.4,2026-09
OD000000165549268,Pesanan selesai,False,2026-09-12 21:45:02,2026-09-12 21:46:26,2026-09-13 15:16:45,2026-09-15 15:20:31,Build A Zoo,Pets,EGG EVENT!!! - CREAM SLIME DRAGON EGG | BUILD A ZOO,Lynn geasley,3500,5,15400,2100,False,False,1050.3166666666666,2026-09
OD000000165549267,Pesanan selesai,False,2026-09-12 21:45:02,2026-09-12 21:46:26,2026-09-13 15:16:40,2026-09-15 15:20:31,Build A Zoo,Pets,PRISMATIC LAPISAR ($32.056/s) | BUILD A ZOO,Lynn geasley,15000,1,13200,1800,False,False,1050.2333333333333,2026-09
OD000000165549266,Pesanan selesai,False,2026-09-12 21:45:02,2026-09-12 21:46:27,2026-09-13 15:16:36,2026-09-15 15:20:32,Build A Zoo,Pets,PET 600K/s - STELLAR KRYPSIS ($689.640/s) | BUILD A ZOO,Lynn geasley,2000,1,1760,240,False,False,1050.15,2026-09
OD000000165549265,Pesanan selesai,False,2026-09-12 21:45:02,2026-09-12 21:46:27,2026-09-13 15:16:26,2026-09-15 15:20:32,Build A Zoo,Pets,PET 600K/s - STELLAR PETALWING ($681.820/s) | BUILD A ZOO,Lynn geasley,800,3,2112,288,False,False,1049.9833333333333,2026-09
OD000000165549264,Pesanan selesai,False,2026-09-12 21:45:02,2026-09-12 21:46:26,2026-09-13 15:15:47,2026-09-15 15:20:32,Build A Zoo,Pets,PET LIMITED!!! - SLIME INFERNOIR ($628.596/s) | BUILD A ZOO,Lynn geasley,40000,1,35200,4800,False,False,1049.35,2026-09
OD000000165516624,Pesanan selesai,False,2026-09-12 07:24:13,2026-09-12 07:24:50,2026-09-12 07:56:55,2026-09-14 08:00:33,Build A Zoo,Item,YOGURT ICE CREAM (CREAM MUTATION FOR BIG PET) | BUILD A ZOO,Anna Ray,600,20,10560,1440,False,False,32.083333333333336,2026-09
OD000000165514754,Pesanan selesai,False,2026-09-12 04:35:14,2026-09-12 04:36:03,2026-09-12 05:47:36,2026-09-12 05:48:26,Build A Zoo,Pets,PET 600K/s - STELLAR VEXEL ($641.080/s) | BUILD A ZOO,vort,500,20,8800,1200,False,False,71.55,2026-09
OD000000165514753,Pesanan selesai,False,2026-09-12 04:35:14,2026-09-12 04:36:03,2026-09-12 05:47:30,2026-09-12 05:48:45,Build A Zoo,Pets,PET 600K/s - STELLAR SENTINEL ($633.480/s) | BUILD A ZOO,vort,500,14,6160,840,False,False,71.45,2026-09
OD000000165486510,Pesanan selesai,False,2026-09-11 13:03:51,2026-09-11 13:04:06,2026-09-11 14:18:35,2026-09-13 14:20:35,Build A Zoo,Pets,PET 600K/s - STELLAR CHOMP ($661.960/s) | BUILD A ZOO,Dzikri,500,13,5720,780,False,False,74.48333333333333,2026-09
OD000000165486509,Pesanan selesai,False,2026-09-11 13:03:51,2026-09-11 13:04:06,2026-09-11 14:18:30,2026-09-13 14:20:34,Build A Zoo,Pets,PET 600K/s - STELLAR ELDAR ($625.940/s) | BUILD A ZOO,Dzikri,500,5,2200,300,False,False,74.4,2026-09
OD000000165481222,Pesanan selesai,False,2026-09-11 09:52:18,2026-09-11 09:52:38,2026-09-11 10:00:08,2026-09-11 10:02:42,Build A Zoo,Item,FRANKEN KIWI | BUILD A ZOO,Cihuyyy,600,10,5280,720,False,False,7.5,2026-09
OD000000165479836,Pesanan selesai,False,2026-09-11 08:41:40,2026-09-11 08:42:11,2026-09-11 18:24:51,2026-09-13 18:40:32,Build A Zoo,Pets,JURA LAPISAR ($544.952/s) | BUILD A ZOO,Vex Vex,45000,1,39600,5400,False,False,582.6666666666666,2026-09
OD000000165459213,Dana dikembalikan,False,2026-09-10 17:21:45,2026-09-10 17:22:12,,,Build A Zoo,Pets,PET 600K/s - STELLAR SENTINEL ($633.480/s) | BUILD A ZOO,Ryo Ryo,500,1,440,60,False,False,,2026-09
OD000000165453372,Pesanan selesai,False,2026-09-10 14:39:07,2026-09-10 14:39:22,2026-09-10 14:44:45,2026-09-10 19:06:48,Build A Zoo,Pets,PET 600K/s - STELLAR ELDAR ($625.940/s) | BUILD A ZOO,Dzikri,500,12,5280,720,False,False,5.383333333333334,2026-09
OD000000165453371,Pesanan selesai,False,2026-09-10 14:39:07,2026-09-10 14:39:23,2026-09-10 14:44:40,2026-09-10 19:06:54,Build A Zoo,Pets,PET 600K/s - STELLAR SENTINEL ($633.480/s) | BUILD A ZOO,Dzikri,500,12,5280,720,False,False,5.283333333333333,2026-09
OD000000165452533,Pesanan selesai,False,2026-09-10 14:14:48,2026-09-10 14:16:13,2026-09-10 14:33:39,2026-09-11 15:22:44,Build A Zoo,Pets,PET LIMITED!!! - SLIME MOROS ($666.738/s) | BUILDA ZOO,Cik Puan Norhida,60000,1,52800,7200,False,False,17.433333333333334,2026-09
OD000000165447004,Pesanan selesai,False,2026-09-10 10:40:32,2026-09-10 10:41:40,2026-09-10 10:49:18,2026-09-10 10:51:05,Build A Zoo,Pets,PET 600K/s - STELLAR ELDAR ($625.940/s) | BUILD A ZOO,Cihuyyy,500,2,880,120,False,False,7.633333333333334,2026-09
OD000000165445135,Pesanan selesai,False,2026-09-10 09:03:32,2026-09-10 09:04:16,2026-09-10 09:13:21,2026-09-12 09:20:33,Build A Zoo,Pets,SNOW ZORVATH ($544.272/s) | BUILD A ZOO,Vex Vex,30000,1,26400,3600,False,False,9.083333333333334,2026-09
OD000000165443397,Pesanan selesai,False,2026-09-10 07:20:55,2026-09-10 07:21:51,2026-09-10 08:08:29,2026-09-12 08:10:33,Build A Zoo,Pets,ZORVATH ($34.017/s) | BUILD A ZOO,Vex Vex,12000,2,21120,2880,False,False,46.63333333333333,2026-09
OD000000165441147,Pesanan selesai,False,2026-09-10 02:17:58,2026-09-10 02:18:02,2026-09-10 09:15:36,2026-09-10 09:42:43,Build A Zoo,Item,ACORN (THANKSGIVING UNIQUE BIG PET) | BUILD A ZOO,anapaulasontachi,600,20,10560,1440,False,False,417.56666666666666,2026-09
OD000000165441136,Pesanan selesai,False,2026-09-10 02:16:51,2026-09-10 02:16:55,2026-09-10 09:15:43,2026-09-10 09:42:55,Build A Zoo,Item,ACORN (THANKSGIVING UNIQUE BIG PET) | BUILD A ZOO,anapaulasontachi,600,20,10560,1440,False,False,418.8,2026-09
OD000000165441095,Pesanan selesai,False,2026-09-10 02:12:43,2026-09-10 02:12:47,2026-09-10 09:15:50,2026-09-10 09:44:08,Build A Zoo,Pets,PET 600K/s - STELLAR KRYPSIS ($689.640/s) | BUILD A ZOO,anapaulasontachi,2000,1,1760,240,False,False,423.05,2026-09
OD000000165441088,Pesanan selesai,False,2026-09-10 02:12:27,2026-09-10 02:12:30,2026-09-10 09:16:00,2026-09-10 09:44:21,Build A Zoo,Pets,PET 500K/s - CREAM KAELAN ($513.706/s) | BUILD A ZOO,anapaulasontachi,5000,1,4400,600,False,False,423.5,2026-09
OD000000165441084,Pesanan selesai,False,2026-09-10 02:12:12,2026-09-10 02:12:15,2026-09-10 09:15:29,2026-09-10 09:43:11,Build A Zoo,Pets,PET 1.1M/s (CREAM VEXEL $1.15M/s) | BUILD A ZOO,anapaulasontachi,5000,1,4400,600,False,False,423.23333333333335,2026-09
OD000000165441082,Pesanan selesai,False,2026-09-10 02:11:51,2026-09-10 02:11:53,2026-09-10 09:15:22,2026-09-10 09:44:30,Build A Zoo,Item,FRANKEN KIWI | BUILD A ZOO,anapaulasontachi,600,20,10560,1440,False,False,423.48333333333335,2026-09
OD000000165441025,Pesanan selesai,False,2026-09-10 02:04:27,2026-09-10 02:05:29,2026-09-10 09:13:46,2026-09-10 09:43:46,Build A Zoo,Item,[BUNDLE] ADMIN’S WILD EGG + BONUS ADMIN’S OCEAN EGG,anapaulasontachi,6000,6,31680,4320,False,False,428.28333333333336,2026-09
OD000000165438578,Pesanan selesai,False,2026-09-09 23:16:12,2026-09-09 23:16:30,2026-09-10 14:02:13,2026-09-12 14:10:34,Build A Zoo,Pets,EGG EVENT!!! - ELECTRIC SLIME DRAGON EGG | BUILD A ZOO,Mufti Rayhan,1000,50,44000,6000,False,False,885.7166666666667,2026-09
OD000000165435992,Pesanan selesai,False,2026-09-09 21:45:40,2026-09-09 21:47:55,2026-09-09 22:15:28,2026-09-09 22:18:24,Build A Zoo,Pets,PET LIMITED!!! - SLIME LYSANDER ($652.410/s) | BUILD A ZOO,Mynewhahoogray,30000,1,26400,3600,False,False,27.55,2026-09
OD000000165429563,Pesanan selesai,False,2026-09-09 19:21:16,2026-09-09 19:21:35,2026-09-09 19:28:34,2026-09-10 19:07:03,Build A Zoo,Pets,PET 600K/s - STELLAR ELDAR ($625.940/s) | BUILD A ZOO,Dzikri,500,11,4840,660,False,False,6.983333333333333,2026-09
OD000000165427066,Pesanan selesai,False,2026-09-09 18:24:44,2026-09-09 18:25:09,2026-09-09 18:52:44,2026-09-09 19:17:58,Build A Zoo,Pets,PET 600K/s - STELLAR SILAS ($651.460/s) | BUILD A ZOO,Dzikri,500,11,4840,660,False,False,27.583333333333332,2026-09
OD000000165411666,Pesanan selesai,False,2026-09-09 10:54:31,2026-09-09 10:54:41,2026-09-09 19:08:00,2026-09-11 19:10:31,Build A Zoo,Pets,EGG EVENT!!! - CREAM SLIME DRAGON EGG | BUILD A ZOO,Sannsaaa,3500,4,12320,1680,False,False,493.31666666666666,2026-09
OD000000165411291,Pesanan selesai,False,2026-09-09 10:38:52,2026-09-09 10:39:20,2026-09-09 14:59:50,2026-09-09 23:15:51,Build A Zoo,Item,LEMON POPSICLE (CHANCE TO GET SUNBLOSSOM MUTATION FOR BIG PET) | BUILD A ZOO,Anna Ray,600,15,7920,1080,False,False,260.5,2026-09
OD000000165403049,Pesanan selesai,False,2026-09-09 00:11:21,2026-09-09 00:11:45,2026-09-09 08:09:06,2026-09-09 08:15:39,Build A Zoo,Pets,EGG EVENT!!! - THANKSGIVING SLIME DRAGON EGG | BUILD A ZOO,Mufti Rayhan,1500,42,55440,7560,False,False,477.35,2026-09
OD000000165399094,Pesanan selesai,False,2026-09-08 21:45:15,2026-09-08 21:45:42,2026-09-09 06:16:30,2026-09-11 06:20:31,Build A Zoo,Item,LEMON POPSICLE (CHANCE TO GET SUNBLOSSOM MUTATION FOR BIG PET) | BUILD A ZOO,Jesus Castillo,600,15,7920,1080,False,False,510.8,2026-09
OD000000165376175,Pesanan selesai,False,2026-09-08 13:15:42,2026-09-08 13:16:38,2026-09-08 22:29:04,2026-09-10 00:01:46,Build A Zoo,Pets,PET LIMITED!!! - ELECTRIC PRANCER ($341.984/s) | BUILD A ZOO,anapaulasontachi,80000,1,70400,9600,False,False,552.4333333333333,2026-09
OD000000165376109,Pesanan selesai,False,2026-09-08 13:14:12,2026-09-08 13:14:56,2026-09-08 22:28:41,2026-09-10 00:01:15,Build A Zoo,Pets,ELECTRIC TRIPOD ($242.016/s) | BUILD A ZOO,anapaulasontachi,60000,1,52800,7200,False,False,553.75,2026-09
OD000000165376040,Pesanan selesai,False,2026-09-08 13:12:07,2026-09-08 13:13:07,2026-09-08 22:28:02,2026-09-08 22:28:49,Build A Zoo,Pets,PET LIMITED!!! - JURA BRONTOSAURUS ($242.930/s) | BUILD A ZOO,anapaulasontachi,180000,1,158400,21600,False,False,554.9166666666666,2026-09
OD000000165375077,Pesanan selesai,False,2026-09-08 12:44:09,2026-09-08 12:44:55,2026-09-09 19:24:00,2026-09-11 19:30:33,Build A Zoo,Pets,ZORVATH ($34.017/s) | BUILD A ZOO,Vex Vex,12000,1,10560,1440,False,False,1839.0833333333333,2026-09
OD000000165364506,Pesanan selesai,False,2026-09-08 03:11:48,2026-09-08 03:12:10,2026-09-08 10:36:24,2026-09-08 12:00:25,Build A Zoo,Pets,EGG EVENT!!! - SLIME SLIME DRAGON EGG | BUILD A ZOO,Mufti Rayhan,1500,5,6600,900,False,False,444.23333333333335,2026-09
OD000000165364399,Pesanan selesai,False,2026-09-08 02:52:25,2026-09-08 02:52:37,2026-09-08 10:36:19,2026-09-09 08:15:33,Build A Zoo,Pets,EGG EVENT!!! - SLIME SLIME DRAGON EGG | BUILD A ZOO,Mufti Rayhan,1500,15,19800,2700,False,False,463.7,2026-09
OD000000165326705,Pesanan selesai,False,2026-09-07 09:07:10,2026-09-07 09:07:35,2026-09-07 09:13:32,2026-09-08 22:32:07,Build A Zoo,Pets,PET 600K/s - STELLAR CHOMP ($661.960/s) | BUILD A ZOO,Anna Ray,500,17,7480,1020,False,False,5.95,2026-09
OD000000165325399,Pesanan selesai,False,2026-09-07 08:07:50,2026-09-07 08:08:13,2026-09-07 08:29:34,2026-09-07 08:34:58,Build A Zoo,Pets,EGG EVENT!!! - CREAM SLIME DRAGON EGG | BUILD A ZOO,betty murakami,3500,5,15400,2100,False,False,21.35,2026-09
OD000000165325372,Pesanan selesai,False,2026-09-07 08:06:45,2026-09-07 08:07:01,2026-09-07 08:29:40,2026-09-07 08:35:18,Build A Zoo,Item,BLUEBERRY CAKE (CHANCE TO GET STELLAR MUTATION FOR BIG PET) | BUILD A ZOO,betty murakami,1200,7,7392,1008,False,False,22.65,2026-09
OD000000165325371,Pesanan selesai,False,2026-09-07 08:06:45,2026-09-07 08:07:01,2026-09-07 08:34:34,2026-09-07 08:35:26,Build A Zoo,Item,FRANKEN KIWI | BUILD A ZOO,betty murakami,600,20,10560,1440,False,False,27.55,2026-09
OD000000165325370,Pesanan selesai,False,2026-09-07 08:06:45,2026-09-07 08:07:01,2026-09-07 08:34:09,2026-09-07 08:35:09,Build A Zoo,Pets,KROD ($33.658/s) | BUILD A ZOO,betty murakami,12000,1,10560,1440,False,False,27.133333333333333,2026-09
OD000000165325369,Pesanan selesai,False,2026-09-07 08:06:45,2026-09-07 08:07:01,2026-09-07 08:34:01,2026-09-07 08:35:36,Build A Zoo,Pets,PET LIMITED!!! - THALGRIM ($40.663/s) | BUILD A ZOO,betty murakami,12000,1,10560,1440,False,False,27.0,2026-09
OD000000165320941,Pesanan selesai,False,2026-09-07 00:45:24,2026-09-07 00:45:47,2026-09-07 08:51:29,2026-09-07 08:53:23,Build A Zoo,Item,YOGURT ICE CREAM (CREAM MUTATION FOR BIG PET) | BUILD A ZOO,Anna Ray,600,20,10560,1440,False,False,485.7,2026-09
OD000000165305329,Pesanan selesai,False,2026-09-06 18:07:31,2026-09-06 18:07:56,2026-09-06 18:29:25,2026-09-07 08:53:03,Build A Zoo,Item,YOGURT ICE CREAM (CREAM MUTATION FOR BIG PET) | BUILD A ZOO,Anna Ray,600,19,10032,1368,False,False,21.483333333333334,2026-09
OD000000165291671,Pesanan selesai,False,2026-09-06 13:20:48,2026-09-06 13:22:07,2026-09-07 20:56:06,2026-09-09 21:00:30,Build A Zoo,Pets,PET LIMITED!!! - ALPINE ($24.895/s) | BUILD A ZOO,Vex Vex,25000,1,22000,3000,False,False,1893.9833333333333,2026-09
OD000000165288223,Dana dikembalikan,False,2026-09-06 12:11:01,2026-09-06 12:11:10,,,Build A Zoo,Pets,STELLAR AURELIA EGG | BUILD A ZOO,Sannsaaa,500,10,4400,600,False,False,,2026-09
OD000000165282629,Pesanan selesai,False,2026-09-06 10:14:28,2026-09-06 10:14:44,2026-09-06 10:27:07,2026-09-08 10:30:32,Build A Zoo,Pets,STELLAR AURELIA EGG | BUILD A ZOO,Faadza Muhammad Ismalik X IPA 1,500,10,4400,600,False,False,12.383333333333333,2026-09
OD000000165276800,Pesanan selesai,False,2026-09-06 07:34:05,2026-09-06 07:37:48,2026-09-06 08:38:56,2026-09-08 08:40:34,Build A Zoo,Pets,STELLAR AURELIA EGG | BUILD A ZOO,Tumballl,500,10,4400,600,False,False,61.13333333333333,2026-09
OD000000165276799,Dana dikembalikan,False,2026-09-06 07:34:05,2026-09-06 07:37:48,,,Build A Zoo,Pets,SLIME ADMIN’S OCEAN EGG | BUILD A ZOO,Tumballl,3000,1,2640,360,False,False,,2026-09
OD000000165276798,Pesanan selesai,False,2026-09-06 07:34:05,2026-09-06 07:37:48,2026-09-06 08:38:49,2026-09-08 08:40:36,Build A Zoo,Pets,SUNBLOSSOM CORAL TIDE EGG (EGG OCEAN) | BUILD A ZOO,Tumballl,800,1,704,96,False,False,61.016666666666666,2026-09
OD000000165276247,Pesanan selesai,False,2026-09-06 07:12:51,2026-09-06 07:13:28,2026-09-06 07:20:12,2026-09-06 08:20:24,Build A Zoo,Item,BLUEBERRY CAKE (CHANCE TO GET STELLAR MUTATION FOR BIG PET) | BUILD A ZOO,betty murakami,1200,30,31680,4320,False,False,6.733333333333333,2026-09
OD000000165272528,Pesanan selesai,False,2026-09-06 01:58:29,2026-09-06 01:59:22,2026-09-06 06:49:46,2026-09-06 18:08:09,Build A Zoo,Item,BLUEBERRY CAKE (CHANCE TO GET STELLAR MUTATION FOR BIG PET) | BUILD A ZOO,Pamela Reid,1200,30,31680,4320,False,False,290.4,2026-09
OD000000165263598,Pesanan selesai,False,2026-09-05 21:15:40,2026-09-05 21:16:12,2026-09-06 06:52:10,2026-09-06 12:47:45,Build A Zoo,Item,YOGURT ICE CREAM (CREAM MUTATION FOR BIG PET) | BUILD A ZOO,Anna Ray,600,15,7920,1080,False,False,575.9666666666667,2026-09
OD000000165255163,Pesanan selesai,False,2026-09-05 18:23:45,2026-09-05 18:23:59,2026-09-05 18:39:45,2026-09-07 18:40:37,Build A Zoo,Pets,EGG EVENT!!! - CREAM SLIME DRAGON EGG | BUILD A ZOO,martengeming,3500,1,3080,420,False,False,15.766666666666667,2026-09
OD000000165255162,Pesanan selesai,False,2026-09-05 18:23:45,2026-09-05 18:23:59,2026-09-05 18:39:41,2026-09-07 18:40:38,Build A Zoo,Pets,PET 500K/s (SLIME ELDAR) | BUILD A ZOO,martengeming,500,10,4400,600,False,False,15.7,2026-09
OD000000165255161,Pesanan selesai,False,2026-09-05 18:23:45,2026-09-05 18:23:59,2026-09-05 18:39:35,2026-09-07 18:40:38,Build A Zoo,Pets,PET 500K/s (SLIME SENTINEL) | BUILD A ZOO,martengeming,500,10,4400,600,False,False,15.6,2026-09
OD000000165247574,Pesanan selesai,False,2026-09-05 15:32:06,2026-09-05 15:32:28,2026-09-05 15:36:48,2026-09-06 12:47:58,Build A Zoo,Item,CHERRY (VALENTINES MUTATION) | BUILD A ZOO,Anna Ray,600,10,5280,720,False,False,4.333333333333333,2026-09
OD000000165240208,Pesanan selesai,False,2026-09-05 12:50:02,2026-09-05 12:50:28,2026-09-05 13:01:10,2026-09-07 13:10:34,Build A Zoo,Pets,PET ELITE 6M/s  (SLIME UNIT-07) | BUILD A ZOO,velthurlis,15000,1,13200,1800,False,False,10.7,2026-09
OD000000165233561,Dana dikembalikan,False,2026-09-05 10:15:27,2026-09-05 10:16:12,,,Build A Zoo,Pets,VALENTINES CORAL TIDE EGG (EGG OCEAN) | BUILD A ZOO,Haiqal Imani,800,20,14080,1920,False,False,,2026-09
OD000000165233560,Pesanan selesai,False,2026-09-05 10:15:27,2026-09-05 10:16:12,2026-09-05 10:50:33,2026-09-05 10:53:23,Build A Zoo,Pets,SLIME SACRED DEER EGG | BUILD A ZOO,Haiqal Imani,2000,20,35200,4800,False,False,34.35,2026-09
OD000000165189286,Pesanan selesai,False,2026-09-04 08:50:05,2026-09-04 08:50:22,2026-09-04 08:55:50,2026-09-06 09:00:33,Build A Zoo,Pets,PET 500K/s (SLIME SENTINEL) | BUILD A ZOO,martengeming,500,2,880,120,False,False,5.466666666666667,2026-09
OD000000165189285,Pesanan selesai,False,2026-09-04 08:50:05,2026-09-04 08:50:22,2026-09-04 08:55:41,2026-09-06 09:00:33,Build A Zoo,Pets,PACKAGE!!! 3 PET SLIME ELDAR 1M/s | BUILD A ZOO,martengeming,10000,1,8800,1200,False,False,5.316666666666666,2026-09
OD000000165187537,Dana dikembalikan,False,2026-09-04 07:00:30,2026-09-04 07:00:52,,,Build A Zoo,Pets,PET LIMITED!!! - DIAMOND PRANCER ($264.176/s) | BUILD A ZOO,betty murakami,35000,1,30800,4200,False,False,,2026-09
OD000000165187536,Pesanan selesai,False,2026-09-04 07:00:30,2026-09-04 07:00:52,2026-09-05 07:07:59,2026-09-06 07:08:24,Build A Zoo,Pets,STELLAR AURELIA EGG | BUILD A ZOO,betty murakami,600,100,52800,7200,False,False,1447.1166666666666,2026-09
OD000000165187535,Pesanan selesai,False,2026-09-04 07:00:30,2026-09-04 07:00:52,2026-09-05 07:13:26,2026-09-06 07:08:10,Build A Zoo,Item,COLOSSAL PINECONE | BUILD A ZOO,betty murakami,400,20,7040,960,False,False,1452.5666666666666,2026-09
OD000000165187534,Pesanan selesai,False,2026-09-04 07:00:30,2026-09-04 07:00:52,2026-09-05 07:13:22,2026-09-06 07:08:32,Build A Zoo,Pets,PET LIMTED!!! - JURA JESTER ($368.039/s) | BUILD A ZOO,betty murakami,20000,1,17600,2400,False,False,1452.5,2026-09
OD000000165187533,Pesanan selesai,False,2026-09-04 07:00:30,2026-09-04 07:00:52,2026-09-05 07:13:17,2026-09-06 07:08:39,Build A Zoo,Pets,EGG EVENT!!! - CREAM SLIME DRAGON EGG | BUILD A ZOO,betty murakami,3500,5,15400,2100,False,False,1452.4166666666667,2026-09
OD000000165186009,Pesanan selesai,False,2026-09-04 03:55:19,2026-09-04 03:55:30,2026-09-04 08:29:53,2026-09-06 08:30:32,Build A Zoo,Item,FRANKEN KIWI | BUILD A ZOO,martengeming,600,10,5280,720,False,False,274.3833333333333,2026-09
OD000000165178822,Pesanan selesai,False,2026-09-03 21:18:05,2026-09-03 21:20:11,2026-09-04 18:13:03,2026-09-06 18:20:34,Build A Zoo,Pets,PET LIMITED!!! - SNOW JESTER ($366.540/s) | BUILD A ZOO,Lynn geasley,20000,1,17600,2400,False,False,1252.8666666666666,2026-09
OD000000165178821,Pesanan selesai,False,2026-09-03 21:18:05,2026-09-03 21:20:11,2026-09-04 18:12:59,2026-09-06 18:20:34,Build A Zoo,Pets,PET LIMITED!!! - CREAM JESTER ($580.355/s) | BUILD A ZOO,Lynn geasley,25000,1,22000,3000,False,False,1252.8,2026-09
OD000000165178820,Pesanan selesai,False,2026-09-03 21:18:05,2026-09-03 21:20:10,2026-09-04 18:12:53,2026-09-06 18:20:33,Build A Zoo,Pets,PET 900K/s (SNOW ELDAR $980.301/s) | BUILD A ZOO,Lynn geasley,4500,1,3960,540,False,False,1252.7166666666667,2026-09
OD000000165178819,Pesanan selesai,False,2026-09-03 21:18:05,2026-09-03 21:20:11,2026-09-04 18:11:07,2026-09-06 18:20:34,Build A Zoo,Pets,ELECTRIC CELANDINE ($126.288/s) | BUILD A ZOO,Lynn geasley,8000,1,7040,960,False,False,1250.9333333333334,2026-09
OD000000165178818,Pesanan selesai,False,2026-09-03 21:18:05,2026-09-03 21:20:11,2026-09-04 18:12:31,2026-09-06 18:20:35,Build A Zoo,Pets,PET LIMITED!!! - SLIME LYSANDER ($652.410/s) | BUILD A ZOO,Lynn geasley,15000,2,26400,3600,False,False,1252.3333333333333,2026-09
OD000000165178817,Pesanan selesai,False,2026-09-03 21:18:05,2026-09-03 21:20:11,2026-09-04 18:12:19,2026-09-06 18:20:35,Build A Zoo,Pets,PET LIMITED!!! - PRANCER ($42.748/s) | BUILD A ZOO,Lynn geasley,25000,1,22000,3000,False,False,1252.1333333333334,2026-09
OD000000165178816,Pesanan selesai,False,2026-09-03 21:18:05,2026-09-03 21:20:11,2026-09-04 18:12:10,2026-09-06 18:20:33,Build A Zoo,Pets,VALENTINES DINO EGG | BUILD A ZOO,Lynn geasley,2000,10,17600,2400,False,False,1251.9833333333333,2026-09
OD000000165178815,Pesanan selesai,False,2026-09-03 21:18:05,2026-09-03 21:20:11,2026-09-04 18:12:01,2026-09-06 18:20:34,Build A Zoo,Pets,CREAM CELANDINE ($268.362/s) | BUILD A ZOO,Lynn geasley,8000,1,7040,960,False,False,1251.8333333333333,2026-09
OD000000165178814,Dana dikembalikan,False,2026-09-03 21:18:05,2026-09-03 21:20:10,,,Build A Zoo,Pets,EGG EVENT!!! - ELECTRIC TURKEY EGG | BUILD A ZOO,Lynn geasley,5000,1,4400,600,False,False,,2026-09
OD000000165178813,Pesanan selesai,False,2026-09-03 21:18:05,2026-09-03 21:20:11,2026-09-04 18:11:56,2026-09-06 18:20:35,Build A Zoo,Pets,SLIME ADMIN’S OCEAN EGG | BUILD A ZOO,Lynn geasley,3000,5,13200,1800,False,False,1251.75,2026-09
OD000000165178812,Pesanan selesai,False,2026-09-03 21:18:05,2026-09-03 21:20:10,2026-09-04 18:11:52,2026-09-06 18:20:33,Build A Zoo,Pets,PET LIMITED!!! - SLIME TYRANNOSAURUS ($447.444/s) | BUILD A ZOO,Lynn geasley,15000,1,13200,1800,False,False,1251.7,2026-09
OD000000165178811,Pesanan selesai,False,2026-09-03 21:18:05,2026-09-03 21:20:11,2026-09-04 18:11:47,2026-09-06 18:20:34,Build A Zoo,Pets,GOLDEN CASPIN ($127.828/s) | BUILD A ZOO,Lynn geasley,10000,1,8800,1200,False,False,1251.6,2026-09
OD000000165178810,Pesanan selesai,False,2026-09-03 21:18:05,2026-09-03 21:20:11,2026-09-04 18:11:42,2026-09-06 18:20:33,Build A Zoo,Pets,SLIME LENORE ($393.228/s) | BUILD A ZOO,Lynn geasley,10000,1,8800,1200,False,False,1251.5166666666667,2026-09
OD000000165178809,Pesanan selesai,False,2026-09-03 21:18:05,2026-09-03 21:20:10,2026-09-04 18:11:39,2026-09-06 18:20:33,Build A Zoo,Pets,PET 1.2M/s (CREAM DYNAM $1.22M/s) | BUILD A ZOO,Lynn geasley,8000,1,7040,960,False,False,1251.4833333333333,2026-09
OD000000165178808,Pesanan selesai,False,2026-09-03 21:18:05,2026-09-03 21:20:10,2026-09-04 18:11:13,2026-09-06 18:20:34,Build A Zoo,Item,VALENTINES SECRED DEER EGG | BUILD A ZOO,Lynn geasley,2500,3,6600,900,False,False,1251.05,2026-09
OD000000165167681,Pesanan selesai,False,2026-09-03 17:19:37,2026-09-03 17:20:01,2026-09-03 19:02:18,2026-09-03 19:14:30,Chop Your Tree,Item,Watering Can (1SXT) | Chop Your Tree,Azka Firzano,900,2,1584,216,False,False,102.28333333333333,2026-09
OD000000165125748,Dana dikembalikan,False,2026-09-02 14:34:30,2026-09-02 14:34:52,,,Chop Your Tree,Item,1 SEPT WATER CAN (1000 SXT) | CHOP YOUR TREE,nathan uhuy,3000,1,2640,360,False,False,,2026-09
OD000000165098655,Pesanan selesai,False,2026-09-01 19:33:40,2026-09-01 19:34:03,2026-09-01 20:26:44,2026-09-01 20:27:12,Build A Zoo,Pets,ELECTRIC VOLTICE ($300.391/s) | BUILD A ZOO,betty murakami,35000,1,30800,4200,False,False,52.68333333333333,2026-09
OD000000165098654,Pesanan selesai,False,2026-09-01 19:33:40,2026-09-01 19:34:03,2026-09-01 20:23:37,2026-09-01 20:27:19,Build A Zoo,Item,CANDY CORN (HALLOWEEN SERIES BIG PET) | BUILD A ZOO,betty murakami,600,5,2640,360,False,False,49.56666666666667,2026-09
OD000000165098653,Pesanan selesai,False,2026-09-01 19:33:40,2026-09-01 19:34:03,2026-09-01 20:23:12,2026-09-01 20:27:26,Build A Zoo,Pets,STELLAR AURELIA EGG | BUILD A ZOO,betty murakami,800,60,42240,5760,False,False,49.15,2026-09
OD000000165098652,Pesanan selesai,False,2026-09-01 19:33:40,2026-09-01 19:34:03,2026-09-01 20:21:57,2026-09-01 20:27:34,Build A Zoo,Item,ADMIN SPEED HOURGLASS (REDUCE THE INCUBATION TIME BY 60 MINUTES) | BUILD A ZOO,betty murakami,800,20,14080,1920,False,False,47.9,2026-09
OD000000165089537,Dana dikembalikan,False,2026-09-01 16:43:25,2026-09-01 16:44:04,,,Build A Zoo,Item,LEMON POPSICLE (CHANCE TO GET SUNBLOSSOM MUTATION FOR BIG PET) | BUILD A ZOO,mikhayla aurora,800,2,1408,192,False,False,,2026-09
OD000000165068245,Pesanan selesai,False,2026-09-01 00:27:50,2026-09-01 00:28:18,2026-09-01 19:54:36,2026-09-01 19:56:04,Build A Zoo,Item,LEMON POPSICLE (CHANCE TO GET SUNBLOSSOM MUTATION FOR BIG PET) | BUILD A ZOO,dauskaka123,800,30,21120,2880,False,False,1166.3,2026-09
OD000000165068055,Pesanan selesai,False,2026-09-01 00:16:46,2026-09-01 00:16:51,2026-09-01 15:11:28,2026-09-01 15:11:38,Build A Zoo,Pets,EGG EVENT!!! - CREAM SLIME DRAGON EGG | BUILD A ZOO,Brylle Alavazo,3500,1,3080,420,False,False,894.6166666666667,2026-09
OD000000165068027,Pesanan selesai,False,2026-09-01 00:15:48,2026-09-01 00:15:49,2026-09-01 15:11:21,2026-09-03 15:20:32,Build A Zoo,Pets,CREAM SACRED DEER EGG | BUILD A ZOO,Brylle Alavazo,2500,3,6600,900,False,False,895.5333333333333,2026-09
OD000000165061241,Pesanan selesai,False,2026-08-31 20:47:08,2026-08-31 20:47:42,2026-09-01 07:23:54,2026-09-01 07:26:29,Build A Zoo,Item,VALENTINES SECRED DEER EGG | BUILD A ZOO,betty murakami,2500,3,6600,900,False,False,636.2,2026-08
OD000000165061240,Pesanan selesai,False,2026-08-31 20:47:08,2026-08-31 20:47:41,2026-09-01 07:23:34,2026-09-01 07:26:37,Build A Zoo,Pets,EGG EVENT!!! - CREAM SLIME DRAGON EGG | BUILD A ZOO,betty murakami,3500,10,30800,4200,False,False,635.8833333333333,2026-08
OD000000165061239,Pesanan selesai,False,2026-08-31 20:47:08,2026-08-31 20:47:41,2026-09-01 07:23:01,2026-09-01 07:26:45,Build A Zoo,Pets,EGG EVENT!!! - SUNBLOSSOM SLIME DRAGON EGG | BUILD A ZOO,betty murakami,6000,2,10560,1440,False,False,635.3333333333334,2026-08
OD000000165061238,Pesanan selesai,False,2026-08-31 20:47:08,2026-08-31 20:47:41,2026-09-01 07:22:30,2026-09-01 07:26:54,Build A Zoo,Pets,EGG EVENT!!! - CREAM DINO EGG | BUILDA ZOO,betty murakami,2000,2,3520,480,False,False,634.8166666666667,2026-08
OD000000165061237,Pesanan selesai,False,2026-08-31 20:47:08,2026-08-31 20:47:42,2026-09-01 07:21:56,2026-09-01 07:27:02,Build A Zoo,Pets,STELLAR AURELIA EGG | BUILD A ZOO,betty murakami,800,10,7040,960,False,False,634.2333333333333,2026-08
OD000000165047381,Pesanan selesai,False,2026-08-31 15:17:49,2026-08-31 15:18:09,2026-08-31 15:20:54,2026-08-31 15:21:38,Build A Zoo,Pets,EGG EVENT!!! - SUNBLOSSOM SLIME DRAGON EGG | BUILD A ZOO,samuelarens,6000,3,15840,2160,False,False,2.75,2026-08
OD000000165045962,Pesanan selesai,False,2026-08-31 14:38:03,2026-08-31 14:38:36,2026-08-31 15:15:15,2026-08-31 15:17:40,Build A Zoo,Pets,CREAM SACRED DEER EGG | BUILD A ZOO,samuelarens,2500,9,19800,2700,False,False,36.65,2026-08
OD000000165035227,Pesanan selesai,False,2026-08-31 06:25:35,2026-08-31 06:26:07,2026-08-31 08:55:35,2026-08-31 09:52:00,Build A Zoo,Pets,STELLAR AURELIA EGG | BUILD A ZOO,samuelarens,1000,100,88000,12000,False,False,149.46666666666667,2026-08
OD000000165028469,Pesanan selesai,False,2026-08-30 21:53:39,2026-08-30 21:54:11,2026-08-31 13:58:38,2026-09-02 14:00:32,Build A Zoo,Pets,EGG EVENT!!! - THANKSGIVING SLIME DRAGON EGG | BUILD A ZOO,Bri,2500,3,6600,900,False,False,964.45,2026-08
OD000000165027255,Pesanan selesai,False,2026-08-30 21:18:46,2026-08-30 21:19:33,2026-08-31 13:58:31,2026-09-02 14:00:32,Build A Zoo,Pets,EGG EVENT!!! - THANKSGIVING SLIME DRAGON EGG | BUILD A ZOO,Bri,2500,1,2200,300,False,False,998.9666666666667,2026-08
OD000000165027254,Pesanan selesai,False,2026-08-30 21:18:46,2026-08-30 21:19:33,2026-08-31 13:58:23,2026-09-02 14:00:32,Build A Zoo,Pets,CREAM SACRED DEER EGG | BUILD A ZOO,Bri,2500,1,2200,300,False,False,998.8333333333334,2026-08
OD000000165027253,Pesanan selesai,False,2026-08-30 21:18:46,2026-08-30 21:19:33,2026-08-31 13:58:06,2026-09-02 14:00:32,Build A Zoo,Pets,VALENTINES CORAL TIDE EGG (EGG OCEAN) | BUILD A ZOO,Bri,800,1,704,96,False,False,998.55,2026-08
OD000000165027250,Pesanan selesai,False,2026-08-30 21:18:46,2026-08-30 21:19:33,2026-08-31 13:58:01,2026-09-02 14:00:31,Build A Zoo,Pets,SLIME ADMIN’S OCEAN EGG | BUILD A ZOO,Bri,3000,3,7920,1080,False,False,998.4666666666667,2026-08
OD000000165020797,Pesanan selesai,False,2026-08-30 18:47:11,2026-08-30 18:47:24,2026-08-30 18:53:25,2026-08-30 18:54:03,Chop Your Tree,Item,Watering Can (1SXT) | Chop Your Tree,RIKZZ,900,2,1584,216,False,False,6.016666666666667,2026-08
OD000000165001452,Pesanan selesai,False,2026-08-30 10:44:43,2026-08-30 10:45:49,2026-08-30 11:48:54,2026-09-01 11:50:32,Build A Zoo,Item,MACARON JELLY (SLIME SERIES BIG PET) | BUILD A ZOO,Manuel Bintang,800,3,2112,288,False,False,63.083333333333336,2026-08
OD000000165001451,Pesanan selesai,False,2026-08-30 10:44:43,2026-08-30 10:45:50,2026-08-30 11:48:48,2026-09-01 11:50:32,Build A Zoo,Pets,EGG EVENT!!! - ELECTRIC SLIME DRAGON EGG | BUILD A ZOO,Manuel Bintang,1500,2,2640,360,False,False,62.96666666666667,2026-08
OD000000165001449,Pesanan selesai,False,2026-08-30 10:44:43,2026-08-30 10:45:49,2026-08-30 11:48:38,2026-09-01 11:50:31,Build A Zoo,Item,LEMON POPSICLE (CHANCE TO GET SUNBLOSSOM MUTATION FOR BIG PET) | BUILD A ZOO,Manuel Bintang,800,2,1408,192,False,False,62.81666666666667,2026-08
OD000000164997234,Dana dikembalikan,False,2026-08-30 08:49:51,2026-08-30 08:50:14,,,Build A Zoo,Item,VALENTINES SECRED DEER EGG | BUILD A ZOO,betty murakami,2500,5,11000,1500,False,False,,2026-08
OD000000164941950,Pesanan selesai,False,2026-08-28 21:11:45,2026-08-28 21:14:08,2026-08-29 16:21:22,2026-08-31 16:30:35,Build A Zoo,Pets,PRISMATIC CREAMYRA ($34.587/s) | BUILD A ZOO,Lynn geasley,15000,1,13200,1800,False,False,1147.2333333333333,2026-08
OD000000164941949,Pesanan selesai,False,2026-08-28 21:11:45,2026-08-28 21:14:08,2026-08-29 16:21:17,2026-08-31 16:30:35,Build A Zoo,Pets,PET LIMITED!!! - SNOW TRIXIE ($352.608/s) | BUILD A ZOO,Lynn geasley,35000,1,30800,4200,False,False,1147.15,2026-08
OD000000164941948,Pesanan selesai,False,2026-08-28 21:11:45,2026-08-28 21:14:08,2026-08-29 16:21:12,2026-08-31 16:30:34,Build A Zoo,Pets,SLIME BRYONY ($178.326/s) | BUILD A ZOO,Lynn geasley,10000,2,17600,2400,False,False,1147.0666666666666,2026-08
OD000000164941947,Pesanan selesai,False,2026-08-28 21:11:45,2026-08-28 21:14:08,2026-08-29 16:21:05,2026-08-31 16:30:35,Build A Zoo,Pets,PET LIMITED!!! - SLIME THALYA ($690.642/s) | BUILD A ZOO,Lynn geasley,40000,1,35200,4800,False,False,1146.95,2026-08
OD000000164941946,Pesanan selesai,False,2026-08-28 21:11:45,2026-08-28 21:14:08,2026-08-29 16:21:01,2026-08-31 16:30:34,Build A Zoo,Pets,PET LIMITED!!! - SLIME MIRAGE ($464.076/s) | BUILD A  ZOO,Lynn geasley,25000,1,22000,3000,False,False,1146.8833333333334,2026-08
OD000000164941945,Dana dikembalikan,False,2026-08-28 21:11:45,2026-08-28 21:14:08,,,Build A Zoo,Pets,PET LIMITED!!! - SLIME VEX ($709.434/s) | BUILD A ZOO,Lynn geasley,20000,1,17600,2400,False,False,,2026-08
OD000000164941944,Pesanan selesai,False,2026-08-28 21:11:45,2026-08-28 21:14:08,2026-08-29 16:20:55,2026-08-31 16:30:35,Build A Zoo,Pets,PET LIMITED!!! - SLIME VELIN ($608.678/s) | BUILD A ZOO,Lynn geasley,30000,1,26400,3600,False,False,1146.7833333333333,2026-08
OD000000164941943,Pesanan selesai,False,2026-08-28 21:11:45,2026-08-28 21:14:08,2026-08-29 16:20:46,2026-08-31 16:30:34,Build A Zoo,Pets,CREAM SEABORN ($511.054/s) | BUILD A ZOO,Lynn geasley,15000,1,13200,1800,False,False,1146.6333333333334,2026-08
OD000000164941942,Pesanan selesai,False,2026-08-28 21:11:45,2026-08-28 21:14:07,2026-08-29 16:19:17,2026-08-31 16:20:31,Build A Zoo,Pets,PET EVENT!!! - JURA SLITHIA ($365.839/s) | BUILD A ZOO,Lynn geasley,30000,1,26400,3600,False,False,1145.1666666666667,2026-08
OD000000164941941,Pesanan selesai,False,2026-08-28 21:11:45,2026-08-28 21:14:08,2026-08-29 16:19:09,2026-08-31 16:20:30,Build A Zoo,Pets,EGG EVENT!!! - SLIME SLIME DRAGON EGG | BUILD A ZOO,Lynn geasley,1500,9,11880,1620,False,False,1145.0166666666667,2026-08
OD000000164931364,Pesanan selesai,False,2026-08-28 16:53:24,2026-08-28 16:54:15,2026-08-28 16:57:31,2026-08-30 17:00:38,Build A Zoo,Pets,SNOW BAMBOO ($224.352/s) | BUILD A ZOO,Brylle Alavazo,2500,2,4400,600,False,False,3.2666666666666666,2026-08
OD000000164931212,Pesanan selesai,False,2026-08-28 16:49:26,2026-08-28 16:50:13,2026-08-28 16:56:28,2026-08-28 16:58:20,Build A Zoo,Pets,VALENTINES LESHEN ($459.264/s) | BUILD A ZOO,Brylle Alavazo,2000,2,3520,480,False,False,6.25,2026-08
OD000000164920279,Pesanan selesai,False,2026-08-28 11:57:53,2026-08-28 11:59:05,2026-08-29 16:19:03,2026-08-31 16:20:30,Build A Zoo,Pets,EGG EVENT!!! - ELECTRIC SLIME DRAGON EGG | BUILD A ZOO,Nuttapol Nontapim,1500,5,6600,900,False,False,1699.9666666666667,2026-08
OD000000164915812,Pesanan selesai,False,2026-08-28 08:45:35,2026-08-28 08:48:04,2026-08-28 10:25:46,2026-08-28 10:48:01,Build A Zoo,Item,LEMON POPSICLE (CHANCE TO GET SUNBLOSSOM MUTATION FOR BIG PET) | BUILD A ZOO,hanifzara85,800,8,5632,768,False,False,97.7,2026-08
OD000000164913700,Pesanan selesai,False,2026-08-28 05:55:43,2026-08-28 06:05:05,2026-08-28 19:18:32,2026-08-28 21:31:59,Build A Zoo,Pets,PET 1.9M/s (SUNBLOSSOM SILAS) | BUILD A ZOO,anapaulasontachi,20000,1,17600,2400,False,False,793.45,2026-08
OD000000164913691,Pesanan selesai,False,2026-08-28 05:54:28,2026-08-28 05:55:28,2026-08-28 19:18:27,2026-08-28 21:32:16,Build A Zoo,Pets,PET LIMITED!!! - SLIME VEX ($709.434/s) | BUILD A ZOO,anapaulasontachi,20000,1,17600,2400,False,False,802.9833333333333,2026-08
OD000000164913677,Pesanan selesai,False,2026-08-28 05:53:00,2026-08-28 05:54:26,2026-08-28 07:10:23,2026-08-28 22:03:44,Build A Zoo,Item,[BUNDLE] ADMIN’S WILD EGG + BONUS ADMIN’S OCEAN EGG,betty murakami,5000,6,26400,3600,False,False,75.95,2026-08
OD000000164913676,Pesanan selesai,False,2026-08-28 05:53:00,2026-08-28 05:54:26,2026-08-28 07:09:31,2026-08-28 22:03:53,Build A Zoo,Item,DURIAN (SNOW MUTATIONS  FOR BIG PET) | BUILD A ZOO,betty murakami,600,15,7920,1080,False,False,75.08333333333333,2026-08
OD000000164913675,Pesanan selesai,False,2026-08-28 05:53:00,2026-08-28 05:54:26,2026-08-28 07:08:53,2026-08-30 07:10:30,Build A Zoo,Item,VALENTINES SECRED DEER EGG | BUILD A ZOO,betty murakami,2500,8,17600,2400,False,False,74.45,2026-08
OD000000164913674,Pesanan selesai,False,2026-08-28 05:53:00,2026-08-28 05:54:26,2026-08-28 07:08:12,2026-08-28 18:49:19,Build A Zoo,Item,FRANKEN KIWI | BUILD A ZOO,betty murakami,800,30,21120,2880,False,False,73.76666666666667,2026-08
OD000000164913581,Pesanan selesai,False,2026-08-28 05:44:20,2026-08-28 05:45:06,2026-08-28 19:18:23,2026-08-28 21:32:26,Build A Zoo,Pets,PET LIMITED!!! - SLIME SIRIUS ($663.336/s) | BUILD A ZOO,anapaulasontachi,40000,1,35200,4800,False,False,813.2833333333333,2026-08
OD000000164912608,Pesanan selesai,False,2026-08-28 03:00:37,2026-08-28 03:02:19,2026-08-28 19:18:18,2026-08-28 21:32:35,Build A Zoo,Pets,PET LIMITED!!! - SLIME CARRIONTH ($543.420/s) | BUILD A ZOO,anapaulasontachi,10000,1,8800,1200,False,False,975.9833333333333,2026-08
OD000000164912585,Pesanan selesai,False,2026-08-28 02:56:25,2026-08-28 02:58:45,2026-08-28 19:18:13,2026-08-28 21:32:44,Build A Zoo,Pets,CREAM AELIUS ($645.981/s) - PET OCEAN LIMITED FROM EGG ROBUX!!! | BUILD A ZOO,anapaulasontachi,45000,1,39600,5400,False,False,979.4666666666667,2026-08
OD000000164912570,Pesanan selesai,False,2026-08-28 02:52:29,2026-08-28 02:55:43,2026-08-28 19:17:59,2026-08-28 21:32:51,Build A Zoo,Pets,PET 1M/s (JURA THORNDRAKE $1.413M/s) | BUILD A ZOO,anapaulasontachi,15000,1,13200,1800,False,False,982.2666666666667,2026-08
OD000000164912555,Pesanan selesai,False,2026-08-28 02:49:17,2026-08-28 02:51:39,2026-08-28 19:17:54,2026-08-28 21:32:58,Build A Zoo,Pets,PET SUPER LIMITED - VALENTINES ORCA ($488.656/s) | BUILD A ZOO,anapaulasontachi,85000,1,74800,10200,False,False,986.25,2026-08
OD000000164912515,Pesanan selesai,False,2026-08-28 02:44:04,2026-08-28 02:46:15,2026-08-28 19:17:49,2026-08-28 21:33:04,Build A Zoo,Pets,SNOW EMERIS ($422.376/s) | BUILD A ZOO,anapaulasontachi,35000,1,30800,4200,False,False,991.5666666666667,2026-08
OD000000164912499,Pesanan selesai,False,2026-08-28 02:41:59,2026-08-28 02:43:10,2026-08-28 19:17:43,2026-08-28 21:33:44,Build A Zoo,Pets,PET LIMITED!!! - SLIME SPINOSAURUS ($301.410/s) | BUILD A ZOO,anapaulasontachi,20000,1,17600,2400,False,False,994.55,2026-08
OD000000164911617,Pesanan selesai,False,2026-08-28 01:01:19,2026-08-28 01:03:05,2026-08-28 19:17:32,2026-08-28 21:33:15,Build A Zoo,Pets,PET 1M/s - (SLIME SILAS $1.053M/s) | BUILD A ZOO,anapaulasontachi,8000,1,7040,960,False,False,1094.45,2026-08
OD000000164903915,Pesanan selesai,False,2026-08-27 20:15:12,2026-08-27 20:16:13,2026-08-28 10:11:28,2026-08-28 10:11:53,Build A Zoo,Pets,VALENTINES LESHEN ($459.264/s) | BUILD A ZOO,Brylle Alavazo,2000,5,8800,1200,False,False,835.25,2026-08
OD000000164895836,Pesanan selesai,False,2026-08-27 16:44:59,2026-08-27 16:45:27,2026-08-27 17:40:35,2026-08-29 17:50:32,Build A Zoo,Item,CHERRY (VALENTINES MUTATION) | BUILD A ZOO,Bri,600,3,1584,216,False,False,55.13333333333333,2026-08
OD000000164895835,Pesanan selesai,False,2026-08-27 16:44:59,2026-08-27 16:45:27,2026-08-27 17:40:27,2026-08-29 17:40:34,Build A Zoo,Item,MACARON JELLY (SLIME SERIES BIG PET) | BUILD A ZOO,Bri,800,1,704,96,False,False,55.0,2026-08
OD000000164895834,Pesanan selesai,False,2026-08-27 16:44:59,2026-08-27 16:45:27,2026-08-27 17:40:22,2026-08-29 17:40:34,Build A Zoo,Pets,SLIME SWIM EGG | BUILD A ZOO,Bri,1000,1,880,120,False,False,54.916666666666664,2026-08
OD000000164895833,Pesanan selesai,False,2026-08-27 16:44:59,2026-08-27 16:45:27,2026-08-27 17:40:17,2026-08-29 17:40:33,Build A Zoo,Item,LEMON POPSICLE (CHANCE TO GET SUNBLOSSOM MUTATION FOR BIG PET) | BUILD A ZOO,Bri,800,2,1408,192,False,False,54.833333333333336,2026-08
OD000000164895832,Pesanan selesai,False,2026-08-27 16:44:59,2026-08-27 16:45:27,2026-08-27 17:40:12,2026-08-29 17:40:33,Build A Zoo,Item,VALENTINES SECRED DEER EGG | BUILD A ZOO,Bri,2500,2,4400,600,False,False,54.75,2026-08
OD000000164895831,Pesanan selesai,False,2026-08-27 16:44:59,2026-08-27 16:45:27,2026-08-27 17:40:06,2026-08-29 17:40:32,Build A Zoo,Pets,EGG EVENT!!! - SLIME SLIME DRAGON EGG | BUILD A ZOO,Bri,1500,1,1320,180,False,False,54.65,2026-08
OD000000164895830,Pesanan selesai,False,2026-08-27 16:44:59,2026-08-27 16:45:27,2026-08-27 17:39:04,2026-08-29 17:40:33,Build A Zoo,Pets,EGG EVENT!!! - THANKSGIVING SLIME DRAGON EGG | BUILD A ZOO,Bri,2500,1,2200,300,False,False,53.61666666666667,2026-08
OD000000164895829,Pesanan selesai,False,2026-08-27 16:44:59,2026-08-27 16:45:27,2026-08-27 17:38:57,2026-08-29 17:40:32,Build A Zoo,Pets,CREAM CELANDINE ($268.362/s) | BUILD A ZOO,Bri,8000,1,7040,960,False,False,53.5,2026-08
OD000000164869276,Pesanan selesai,False,2026-08-26 19:19:52,2026-08-26 19:20:45,2026-08-26 19:39:30,2026-08-26 19:45:50,Build A Zoo,Pets,STELLAR AURELIA EGG | BUILD A ZOO,dark zero,1200,50,52800,7200,False,False,18.75,2026-08
OD000000164867997,Pesanan selesai,False,2026-08-26 18:50:20,2026-08-26 18:51:12,2026-08-26 19:09:53,2026-08-26 19:10:12,Build A Zoo,Pets,EGG EVENT!!! - SLIME SLIME DRAGON EGG | BUILD A ZOO,Brylle Alavazo,1500,10,13200,1800,False,False,18.683333333333334,2026-08
OD000000164861221,Pesanan selesai,False,2026-08-26 15:48:20,2026-08-26 15:48:36,2026-08-26 16:53:13,2026-08-26 16:53:38,Build A Zoo,Pets,VOLTICE ($36.084/s) - PET SEASON 0.5% | BUILD A ZOO,Alfiano Ragil,10000,1,8800,1200,False,False,64.61666666666666,2026-08
OD000000164859149,Pesanan selesai,False,2026-08-26 14:46:02,2026-08-26 14:47:26,2026-08-26 20:40:20,2026-08-26 20:46:26,Build A Zoo,Item,[BUNDLE] ADMIN’S WILD EGG + BONUS ADMIN’S OCEAN EGG,samuelarens,2500,9,19800,2700,False,False,352.9,2026-08
OD000000164855088,Pesanan selesai,False,2026-08-26 12:30:33,2026-08-26 12:31:14,2026-08-26 18:20:34,2026-08-26 18:21:03,Build A Zoo,Item,[BUNDLE] ADMIN’S WILD EGG + BONUS ADMIN’S OCEAN EGG,Brylle Alavazo,2500,5,11000,1500,False,False,349.3333333333333,2026-08
OD000000164848494,Pesanan selesai,False,2026-08-26 05:36:56,2026-08-26 05:38:33,2026-08-26 05:55:06,2026-08-26 06:05:28,Build A Zoo,Item,CRANBERRY (THANKSGIVING MUTATION) | BUILD A ZOO,betty murakami,700,25,15400,2100,False,False,16.55,2026-08
OD000000164847410,Pesanan selesai,False,2026-08-26 02:45:25,2026-08-26 02:47:26,2026-08-26 05:53:48,2026-08-26 06:05:37,Build A Zoo,Pets,STELLAR AURELIA EGG | BUILD A ZOO,betty murakami,1200,50,52800,7200,False,False,186.36666666666667,2026-08
OD000000164844465,Pesanan selesai,False,2026-08-25 23:14:57,2026-08-25 23:17:15,2026-08-26 05:42:21,2026-08-26 05:47:51,Build A Zoo,Pets,SLIME ADMIN'S WILD EGG | BUILD A ZOO,samuelarens,2500,40,88000,12000,False,False,385.1,2026-08
OD000000164843755,Pesanan selesai,False,2026-08-25 22:47:06,2026-08-25 22:47:28,2026-08-26 05:36:17,2026-08-26 05:39:36,Build A Zoo,Item,[BUNDLE] ADMIN’S WILD EGG + BONUS ADMIN’S OCEAN EGG,Ryo Ryo,2500,1,2200,300,False,False,408.81666666666666,2026-08
OD000000164841696,Dana dikembalikan,False,2026-08-25 21:40:54,2026-08-25 21:41:05,,,Build A Zoo,Pets,EGG EVENT!!! - SLIME SLIME DRAGON EGG | BUILD A ZOO,Alfiano Ragil,1500,1,1320,180,False,False,,2026-08
OD000000164841020,Pesanan selesai,False,2026-08-25 21:22:04,2026-08-25 21:22:40,2026-08-26 05:43:37,2026-08-26 06:03:25,Build A Zoo,Pets,PET EVENT!!! - BLIZZARD / YETI ($34.828/s) | BUILD A ZOO,Becky Graham,15000,1,13200,1800,False,False,500.95,2026-08
OD000000164841019,Pesanan selesai,False,2026-08-25 21:22:04,2026-08-25 21:22:40,2026-08-26 05:41:12,2026-08-26 06:03:39,Build A Zoo,Pets,SLIME ADMIN'S WILD EGG | BUILD A ZOO,Becky Graham,2500,10,22000,3000,False,False,498.53333333333336,2026-08
OD000000164840966,Pesanan selesai,False,2026-08-25 21:20:35,2026-08-25 21:21:57,2026-08-26 05:50:50,2026-08-26 06:05:46,Build A Zoo,Item,[BUNDLE] ADMIN’S WILD EGG + BONUS ADMIN’S OCEAN EGG,betty murakami,2500,20,44000,6000,False,False,508.8833333333333,2026-08
OD000000164839966,Pesanan selesai,False,2026-08-25 20:56:18,2026-08-25 20:57:31,2026-08-26 05:47:58,2026-08-26 06:06:10,Build A Zoo,Item,VALENTINES SECRED DEER EGG | BUILD A ZOO,betty murakami,2500,15,33000,4500,False,False,530.45,2026-08
OD000000164839566,Dana dikembalikan,False,2026-08-25 20:47:11,2026-08-25 20:47:26,,,Build A Zoo,Pets,STELLAR AURELIA EGG | BUILD A ZOO,SRG HGD,1200,2,2112,288,False,False,,2026-08
OD000000164839245,Pesanan selesai,False,2026-08-25 20:39:32,2026-08-25 20:40:56,2026-08-26 05:57:47,2026-08-26 06:05:56,Build A Zoo,Item,CHERRY (VALENTINES MUTATION) | BUILD A ZOO,betty murakami,600,40,21120,2880,False,False,556.85,2026-08
OD000000164830537,Pesanan selesai,False,2026-08-25 16:54:31,2026-08-25 16:56:33,2026-08-25 17:02:23,2026-08-25 17:06:45,Build A Zoo,Pets,STELLAR AURELIA EGG | BUILD A ZOO,betty murakami,1200,10,10560,1440,False,False,5.833333333333333,2026-08
OD000000164830536,Dana dikembalikan,False,2026-08-25 16:54:31,2026-08-25 16:56:33,,,Build A Zoo,Pets,FLOWER WHALE EGG | BUILD A ZOO,betty murakami,15000,1,13200,1800,False,False,,2026-08
OD000000164829331,Pesanan selesai,False,2026-08-25 16:26:08,2026-08-25 16:26:38,2026-08-25 16:30:23,2026-08-25 18:04:06,Build A Zoo,Pets,STELLAR AURELIA EGG | BUILD A ZOO,Wripple,1200,10,10560,1440,False,False,3.75,2026-08
OD000000164828831,Pesanan selesai,False,2026-08-25 16:15:07,2026-08-25 16:20:43,2026-08-25 17:05:13,2026-08-25 17:06:58,Build A Zoo,Item,[BUNDLE] ADMIN’S WILD EGG + BONUS ADMIN’S OCEAN EGG,betty murakami,2500,15,33000,4500,False,False,44.5,2026-08
OD000000164820343,Pesanan selesai,False,2026-08-25 12:16:42,2026-08-25 12:17:12,2026-08-25 13:00:42,2026-08-27 13:10:32,Build A Zoo,Item,FRANKEN KIWI | BUILD A ZOO,Wripple,800,10,7040,960,False,False,43.5,2026-08
OD000000164811966,Pesanan selesai,False,2026-08-25 08:18:27,2026-08-25 08:18:38,2026-08-25 08:28:19,2026-08-27 08:30:32,Chop Your Tree,Item,1 SEPT WATER CAN (1000 SXT) | CHOP YOUR TREE,Maxden Liu,3000,1,2640,360,False,False,9.683333333333334,2026-08
OD000000164796510,Pesanan selesai,False,2026-08-24 19:30:11,2026-08-24 19:33:16,2026-08-25 06:43:19,2026-08-25 06:46:09,Build A Zoo,Pets,SLIME ADMIN'S WILD EGG | BUILD A ZOO,graysenmasen24,2500,25,55000,7500,False,False,670.05,2026-08
OD000000164796509,Pesanan selesai,False,2026-08-24 19:30:11,2026-08-24 19:33:16,2026-08-25 06:43:13,2026-08-25 06:46:29,Build A Zoo,Pets,STELLAR AURELIA EGG | BUILD A ZOO,graysenmasen24,1200,20,21120,2880,False,False,669.95,2026-08
OD000000164795691,Pesanan selesai,False,2026-08-24 19:11:15,2026-08-24 19:12:12,2026-08-24 19:41:24,2026-08-24 19:55:36,Build A Zoo,Pets,PET 1.3M/s (SLIME KRYNN) | BUILD A ZOO,Fake Acc,5000,1,4400,600,False,False,29.2,2026-08
OD000000164792061,Pesanan selesai,True,2026-08-24 17:41:28,2026-08-24 17:41:53,2026-08-25 17:05:06,2026-08-27 17:10:32,Roblox,Item,YOUR ZOO! - RAINY SECRET POLAR BEAR ($4.3M/s),Mikael Nopp,15000,1,13200,1800,False,False,1403.2166666666667,2026-08
OD000000164767393,Pesanan selesai,False,2026-08-23 21:34:59,2026-08-23 21:35:51,2026-08-24 05:08:53,2026-08-24 05:12:57,Build A Zoo,Pets,EGG EVENT!!! - TURKEY EGG (NORMAL) | BUILD A ZOO,Pamela Reid,1500,5,6600,900,False,False,453.03333333333336,2026-08
OD000000164767392,Pesanan selesai,False,2026-08-23 21:34:59,2026-08-23 21:35:51,2026-08-24 05:08:46,2026-08-24 05:13:05,Build A Zoo,Pets,EGG EVENT!!! - FIRE SLIME DRAGON EGG | BUILD A ZOO,Pamela Reid,4000,5,17600,2400,False,False,452.9166666666667,2026-08
OD000000164767391,Pesanan selesai,False,2026-08-23 21:34:59,2026-08-23 21:35:52,2026-08-24 05:08:35,2026-08-24 15:53:26,Build A Zoo,Pets,PET LIMITED!!! - GOLDEN SCOOPGON ($112.496/s) | BUILD A ZOO,Pamela Reid,15000,1,13200,1800,False,False,452.71666666666664,2026-08
OD000000164767389,Dana dikembalikan,False,2026-08-23 21:34:59,2026-08-23 21:35:52,,,Build A Zoo,Item,EGG EVENT!!! - CHRISTMAS SLIME DRAGON EGG | BUILD A ZOO,Pamela Reid,4000,5,17600,2400,False,False,,2026-08
OD000000164762137,Pesanan selesai,False,2026-08-23 19:27:41,2026-08-23 19:28:17,2026-08-24 09:02:47,2026-08-24 09:03:16,Build A Zoo,Pets,CREAM SACRED DEER EGG | BUILD A ZOO,danmaskus,2000,33,58080,7920,False,False,814.5,2026-08
OD000000164762006,Pesanan selesai,False,2026-08-23 19:24:55,2026-08-23 19:26:13,2026-08-24 09:02:25,2026-08-24 09:03:23,Build A Zoo,Pets,STELLAR AURELIA EGG | BUILD A ZOO,danmaskus,1200,25,26400,3600,False,False,816.2,2026-08
OD000000164745015,Pesanan selesai,False,2026-08-23 12:04:24,2026-08-23 12:04:53,2026-08-23 12:19:40,2026-08-25 12:20:35,Build A Zoo,Pets,CASPIN ($31.957/s) | BUILD A ZOO,Zidan Ramadhan,3000,1,2640,360,False,False,14.783333333333333,2026-08
OD000000164745014,Pesanan selesai,False,2026-08-23 12:04:24,2026-08-23 12:04:53,2026-08-23 12:19:26,2026-08-25 12:20:34,Build A Zoo,Pets,EGG EVENT!!! - TURKEY EGG (NORMAL) | BUILD A ZOO,Zidan Ramadhan,1500,6,7920,1080,False,False,14.55,2026-08
OD000000164745013,Pesanan selesai,False,2026-08-23 12:04:24,2026-08-23 12:04:53,2026-08-23 12:19:20,2026-08-25 12:20:34,Build A Zoo,Pets,CREAM SACRED DEER EGG | BUILD A ZOO,Zidan Ramadhan,2000,2,3520,480,False,False,14.45,2026-08
OD000000164745012,Pesanan selesai,False,2026-08-23 12:04:24,2026-08-23 12:04:53,2026-08-23 12:19:10,2026-08-25 12:20:33,Build A Zoo,Pets,PET HIDDEN!!! - ELECTRIC JAXYN ($122.560/s) | BUILD A ZOO,Zidan Ramadhan,5000,1,4400,600,False,False,14.283333333333333,2026-08
OD000000164725104,Pesanan selesai,False,2026-08-22 21:23:17,2026-08-22 21:24:13,2026-08-23 12:19:00,2026-08-25 12:20:32,Build A Zoo,Pets,ELECTRIC SHADOW ($310.520/s) - PET LIMITED SEASON PASS (CHANCE TO GET ONLY 0.5%) | BUILD A ZOO,Brylle Alavazo,35000,1,30800,4200,False,False,894.7833333333333,2026-08
OD000000164721626,Pesanan selesai,False,2026-08-22 20:02:50,2026-08-22 20:03:15,2026-08-23 06:32:45,2026-08-23 20:46:46,Build A Zoo,Item,[BUNDLE] ADMIN’S WILD EGG + BONUS ADMIN’S OCEAN EGG,danmaskus,3000,9,23760,3240,False,False,629.5,2026-08
OD000000164721117,Pesanan selesai,False,2026-08-22 19:51:58,2026-08-22 19:51:59,2026-08-22 20:12:22,2026-08-22 20:13:13,Build A Zoo,Pets,SLIME ADMIN'S WILD EGG | BUILD A ZOO,Shirzx 7k,3000,11,29040,3960,False,False,20.383333333333333,2026-08
OD000000164715066,Pesanan selesai,False,2026-08-22 17:25:36,2026-08-22 17:27:14,2026-08-22 18:41:34,2026-08-22 19:00:59,Build A Zoo,Pets,SUNBLOSSOM AURELIA EGG | BUILD A ZOO,danmaskus,500,196,86240,11760,False,False,74.33333333333333,2026-08
OD000000164707085,Pesanan selesai,False,2026-08-22 13:59:51,2026-08-22 14:02:13,2026-08-22 14:56:37,2026-08-24 15:00:32,Build A Zoo,Pets,SLIME ADMIN'S WILD EGG | BUILD A ZOO,bel bo,3000,5,13200,1800,False,False,54.4,2026-08
OD000000164706316,Pesanan selesai,False,2026-08-22 13:39:21,2026-08-22 13:40:48,2026-08-22 14:56:30,2026-08-24 15:00:33,Build A Zoo,Pets,SLIME ADMIN’S OCEAN EGG | BUILD A ZOO,bel bo,3000,5,13200,1800,False,False,75.7,2026-08
OD000000164700530,Pesanan selesai,False,2026-08-22 11:15:17,2026-08-22 11:17:13,2026-08-22 12:11:11,2026-08-22 12:25:07,Build A Zoo,Pets,PET OCEAN 2M/s (SLIME CLAWYN $2.231M/s) | BUILD A ZOO,yuki mirai123,35000,1,30800,4200,False,False,53.96666666666667,2026-08
OD000000164700529,Pesanan selesai,False,2026-08-22 11:15:17,2026-08-22 11:17:13,2026-08-22 12:10:57,2026-08-22 12:25:12,Build A Zoo,Pets,PET OCEAN 1M/s (SLIME AZURE $1.467M/s) | BUILD A ZOO,yuki mirai123,20000,1,17600,2400,False,False,53.733333333333334,2026-08
OD000000164699311,Dana dikembalikan,False,2026-08-22 10:43:08,2026-08-22 10:43:26,,,Build A Zoo,Item,[BUNDLE] ADMIN’S WILD EGG + BONUS ADMIN’S OCEAN EGG,Miftahur Rohmat,3000,1,2640,360,False,False,,2026-08
OD000000164690543,Pesanan selesai,False,2026-08-22 01:48:50,2026-08-22 01:50:16,2026-08-22 12:10:51,2026-08-22 12:25:19,Build A Zoo,Pets,PET 2.5M/s - (SLIME ELDAR $2.555M/s) | BUILD A ZOO,yuki mirai123,45000,1,39600,5400,False,False,620.5833333333334,2026-08
